Age,Sex,ChestPainType,RestingBP,Cholesterol,FastingBS,RestingECG,MaxHR,ExerciseAngina,Oldpeak,ST_Slope,HeartDisease
40,M,ATA,140,289,0,Normal,172,N,0.0,Up,0
49,F,NAP,160,180,0,Normal,156,N,1.0,Flat,1
37,M,ATA,130,283,0,ST,98,N,0.0,Up,0
48,F,ASY,138,214,0,Normal,108,Y,1.5,Flat,1
54,M,NAP,150,195,0,Normal,122,N,0.0,Up,0
39,M,NAP,120,339,0,Normal,170,N,0.0,Up,0
45,F,ATA,130,237,0,Normal,170,N,0.0,Up,0
54,M,ATA,110,208,0,Normal,142,N,0.0,Up,0
37,M,ASY,140,207,0,Normal,130,Y,1.5,Flat,1
48,F,ATA,120,284,0,Normal,120,N,0.0,Up,0
37,F,NAP,130,211,0,Normal,142,N,0.0,Up,0
58,M,ATA,136,164,0,ST,99,Y,2.0,Flat,1
39,M,ATA,120,204,0,Normal,145,N,0.0,Up,0
49,M,ASY,140,234,0,Normal,140,Y,1.0,Flat,1
42,F,NAP,115,211,0,ST,137,N,0.0,Up,0
54,F,ATA,120,273,0,Normal,150,N,1.5,Flat,0
38,M,ASY,110,196,0,Normal,166,N,0.0,Flat,1
43,F,ATA,120,201,0,Normal,165,N,0.0,Up,0
60,M,ASY,100,248,0,Normal,125,N,1.0,Flat,1
36,M,ATA,120,267,0,Normal,160,N,3.0,Flat,1
43,F,TA,100,223,0,Normal,142,N,0.0,Up,0
44,M,ATA,120,184,0,Normal,142,N,1.0,Flat,0
49,F,ATA,124,201,0,Normal,164,N,0.0,Up,0
44,M,ATA,150,288,0,Normal,150,Y,3.0,Flat,1
40,M,NAP,130,215,0,Normal,138,N,0.0,Up,0
36,M,NAP,130,209,0,Normal,178,N,0.0,Up,0
53,M,ASY,124,260,0,ST,112,Y,3.0,Flat,0
52,M,ATA,120,284,0,Normal,118,N,0.0,Up,0
53,F,ATA,113,468,0,Normal,127,N,0.0,Up,0
51,M,ATA,125,188,0,Normal,145,N,0.0,Up,0
53,M,NAP,145,518,0,Normal,130,N,0.0,Flat,1
56,M,NAP,130,167,0,Normal,114,N,0.0,Up,0
54,M,ASY,125,224,0,Normal,122,N,2.0,Flat,1
41,M,ASY,130,172,0,ST,130,N,2.0,Flat,1
43,F,ATA,150,186,0,Normal,154,N,0.0,Up,0
32,M,ATA,125,254,0,Normal,155,N,0.0,Up,0
65,M,ASY,140,306,1,Normal,87,Y,1.5,Flat,1
41,F,ATA,110,250,0,ST,142,N,0.0,Up,0
48,F,ATA,120,177,1,ST,148,N,0.0,Up,0
48,F,ASY,150,227,0,Normal,130,Y,1.0,Flat,0
54,F,ATA,150,230,0,Normal,130,N,0.0,Up,0
54,F,NAP,130,294,0,ST,100,Y,0.0,Flat,1
35,M,ATA,150,264,0,Normal,168,N,0.0,Up,0
52,M,NAP,140,259,0,ST,170,N,0.0,Up,0
43,M,ASY,120,175,0,Normal,120,Y,1.0,Flat,1
59,M,NAP,130,318,0,Normal,120,Y,1.0,Flat,0
37,M,ASY,120,223,0,Normal,168,N,0.0,Up,0
50,M,ATA,140,216,0,Normal,170,N,0.0,Up,0
36,M,NAP,112,340,0,Normal,184,N,1.0,Flat,0
41,M,ASY,110,289,0,Normal,170,N,0.0,Flat,1
50,M,ASY,130,233,0,Normal,121,Y,2.0,Flat,1
47,F,ASY,120,205,0,Normal,98,Y,2.0,Flat,1
45,M,ATA,140,224,1,Normal,122,N,0.0,Up,0
41,F,ATA,130,245,0,Normal,150,N,0.0,Up,0
52,F,ASY,130,180,0,Normal,140,Y,1.5,Flat,0
51,F,ATA,160,194,0,Normal,170,N,0.0,Up,0
31,M,ASY,120,270,0,Normal,153,Y,1.5,Flat,1
58,M,NAP,130,213,0,ST,140,N,0.0,Flat,1
54,M,ASY,150,365,0,ST,134,N,1.0,Up,0
52,M,ASY,112,342,0,ST,96,Y,1.0,Flat,1
49,M,ATA,100,253,0,Normal,174,N,0.0,Up,0
43,F,NAP,150,254,0,Normal,175,N,0.0,Up,0
45,M,ASY,140,224,0,Normal,144,N,0.0,Up,0
46,M,ASY,120,277,0,Normal,125,Y,1.0,Flat,1
50,F,ATA,110,202,0,Normal,145,N,0.0,Up,0
37,F,ATA,120,260,0,Normal,130,N,0.0,Up,0
45,F,ASY,132,297,0,Normal,144,N,0.0,Up,0
32,M,ATA,110,225,0,Normal,184,N,0.0,Up,0
52,M,ASY,160,246,0,ST,82,Y,4.0,Flat,1
44,M,ASY,150,412,0,Normal,170,N,0.0,Up,0
57,M,ATA,140,265,0,ST,145,Y,1.0,Flat,1
44,M,ATA,130,215,0,Normal,135,N,0.0,Up,0
52,M,ASY,120,182,0,Normal,150,N,0.0,Flat,1
44,F,ASY,120,218,0,ST,115,N,0.0,Up,0
55,M,ASY,140,268,0,Normal,128,Y,1.5,Flat,1
46,M,NAP,150,163,0,Normal,116,N,0.0,Up,0
32,M,ASY,118,529,0,Normal,130,N,0.0,Flat,1
35,F,ASY,140,167,0,Normal,150,N,0.0,Up,0
52,M,ATA,140,100,0,Normal,138,Y,0.0,Up,0
49,M,ASY,130,206,0,Normal,170,N,0.0,Flat,1
55,M,NAP,110,277,0,Normal,160,N,0.0,Up,0
54,M,ATA,120,238,0,Normal,154,N,0.0,Up,0
63,M,ASY,150,223,0,Normal,115,N,0.0,Flat,1
52,M,ATA,160,196,0,Normal,165,N,0.0,Up,0
56,M,ASY,150,213,1,Normal,125,Y,1.0,Flat,1
66,M,ASY,140,139,0,Normal,94,Y,1.0,Flat,1
65,M,ASY,170,263,1,Normal,112,Y,2.0,Flat,1
53,F,ATA,140,216,0,Normal,142,Y,2.0,Flat,0
43,M,TA,120,291,0,ST,155,N,0.0,Flat,1
55,M,ASY,140,229,0,Normal,110,Y,0.5,Flat,0
49,F,ATA,110,208,0,Normal,160,N,0.0,Up,0
39,M,ASY,130,307,0,Normal,140,N,0.0,Up,0
52,F,ATA,120,210,0,Normal,148,N,0.0,Up,0
48,M,ASY,160,329,0,Normal,92,Y,1.5,Flat,1
39,F,NAP,110,182,0,ST,180,N,0.0,Up,0
58,M,ASY,130,263,0,Normal,140,Y,2.0,Flat,1
43,M,ATA,142,207,0,Normal,138,N,0.0,Up,0
39,M,NAP,160,147,1,Normal,160,N,0.0,Up,0
56,M,ASY,120,85,0,Normal,140,N,0.0,Up,0
41,M,ATA,125,269,0,Normal,144,N,0.0,Up,0
65,M,ASY,130,275,0,ST,115,Y,1.0,Flat,1
51,M,ASY,130,179,0,Normal,100,N,0.0,Up,0
40,F,ASY,150,392,0,Normal,130,N,2.0,Flat,1
40,M,ASY,120,466,1,Normal,152,Y,1.0,Flat,1
46,M,ASY,118,186,0,Normal,124,N,0.0,Flat,1
57,M,ATA,140,260,1,Normal,140,N,0.0,Up,0
48,F,ASY,120,254,0,ST,110,N,0.0,Up,0
34,M,ATA,150,214,0,ST,168,N,0.0,Up,0
50,M,ASY,140,129,0,Normal,135,N,0.0,Up,0
39,M,ATA,190,241,0,Normal,106,N,0.0,Up,0
59,F,ATA,130,188,0,Normal,124,N,1.0,Flat,0
57,M,ASY,150,255,0,Normal,92,Y,3.0,Flat,1
47,M,ASY,140,276,1,Normal,125,Y,0.0,Up,0
38,M,ATA,140,297,0,Normal,150,N,0.0,Up,0
49,F,NAP,130,207,0,ST,135,N,0.0,Up,0
33,F,ASY,100,246,0,Normal,150,Y,1.0,Flat,1
38,M,ASY,120,282,0,Normal,170,N,0.0,Flat,1
59,F,ASY,130,338,1,ST,130,Y,1.5,Flat,1
35,F,TA,120,160,0,ST,185,N,0.0,Up,0
34,M,TA,140,156,0,Normal,180,N,0.0,Flat,1
47,F,NAP,135,248,1,Normal,170,N,0.0,Flat,1
52,F,NAP,125,272,0,Normal,139,N,0.0,Up,0
46,M,ASY,110,240,0,ST,140,N,0.0,Up,0
58,F,ATA,180,393,0,Normal,110,Y,1.0,Flat,1
58,M,ATA,130,230,0,Normal,150,N,0.0,Up,0
54,M,ATA,120,246,0,Normal,110,N,0.0,Up,0
34,F,ATA,130,161,0,Normal,190,N,0.0,Up,0
48,F,ASY,108,163,0,Normal,175,N,2.0,Up,0
54,F,ATA,120,230,1,Normal,140,N,0.0,Up,0
42,M,NAP,120,228,0,Normal,152,Y,1.5,Flat,0
38,M,NAP,145,292,0,Normal,130,N,0.0,Up,0
46,M,ASY,110,202,0,Normal,150,Y,0.0,Flat,1
56,M,ASY,170,388,0,ST,122,Y,2.0,Flat,1
56,M,ASY,150,230,0,ST,124,Y,1.5,Flat,1
61,F,ASY,130,294,0,ST,120,Y,1.0,Flat,0
49,M,NAP,115,265,0,Normal,175,N,0.0,Flat,1
43,F,ATA,120,215,0,ST,175,N,0.0,Up,0
39,M,ATA,120,241,0,ST,146,N,2.0,Up,0
54,M,ASY,140,166,0,Normal,118,Y,0.0,Flat,1
43,M,ASY,150,247,0,Normal,130,Y,2.0,Flat,1
52,M,ASY,160,331,0,Normal,94,Y,2.5,Flat,1
50,M,ASY,140,341,0,ST,125,Y,2.5,Flat,1
47,M,ASY,160,291,0,ST,158,Y,3.0,Flat,1
53,M,ASY,140,243,0,Normal,155,N,0.0,Up,0
56,F,ATA,120,279,0,Normal,150,N,1.0,Flat,1
39,M,ASY,110,273,0,Normal,132,N,0.0,Up,0
42,M,ATA,120,198,0,Normal,155,N,0.0,Up,0
43,F,ATA,120,249,0,ST,176,N,0.0,Up,0
50,M,ATA,120,168,0,Normal,160,N,0.0,Up,0
54,M,ASY,130,603,1,Normal,125,Y,1.0,Flat,1
39,M,ATA,130,215,0,Normal,120,N,0.0,Up,0
48,M,ATA,100,159,0,Normal,100,N,0.0,Up,0
40,M,ATA,130,275,0,Normal,150,N,0.0,Up,0
55,M,ASY,120,270,0,Normal,140,N,0.0,Up,0
41,M,ATA,120,291,0,ST,160,N,0.0,Up,0
56,M,ASY,155,342,1,Normal,150,Y,3.0,Flat,1
38,M,ASY,110,190,0,Normal,150,Y,1.0,Flat,1
49,M,ASY,140,185,0,Normal,130,N,0.0,Up,0
44,M,ASY,130,290,0,Normal,100,Y,2.0,Flat,1
54,M,ATA,160,195,0,ST,130,N,1.0,Up,0
59,M,ASY,140,264,1,LVH,119,Y,0.0,Flat,1
49,M,ASY,128,212,0,Normal,96,Y,0.0,Flat,1
47,M,ATA,160,263,0,Normal,174,N,0.0,Up,0
42,M,ATA,120,196,0,Normal,150,N,0.0,Up,0
52,F,ATA,140,225,0,Normal,140,N,0.0,Up,0
46,M,TA,140,272,1,Normal,175,N,2.0,Flat,1
50,M,ASY,140,231,0,ST,140,Y,5.0,Flat,1
48,M,ATA,140,238,0,Normal,118,N,0.0,Up,0
58,M,ASY,135,222,0,Normal,100,N,0.0,Up,0
58,M,NAP,140,179,0,Normal,160,N,0.0,Up,0
29,M,ATA,120,243,0,Normal,160,N,0.0,Up,0
40,M,NAP,140,235,0,Normal,188,N,0.0,Up,0
53,M,ATA,140,320,0,Normal,162,N,0.0,Up,0
49,M,NAP,140,187,0,Normal,172,N,0.0,Up,0
52,M,ASY,140,266,0,Normal,134,Y,2.0,Flat,1
43,M,ASY,140,288,0,Normal,135,Y,2.0,Flat,1
54,M,ASY,140,216,0,Normal,105,N,1.5,Flat,1
59,M,ATA,140,287,0,Normal,150,N,0.0,Up,0
37,M,NAP,130,194,0,Normal,150,N,0.0,Up,0
46,F,ASY,130,238,0,Normal,90,N,0.0,Up,0
52,M,ASY,130,225,0,Normal,120,Y,2.0,Flat,1
51,M,ATA,130,224,0,Normal,150,N,0.0,Up,0
52,M,ASY,140,404,0,Normal,124,Y,2.0,Flat,1
46,M,ASY,110,238,0,ST,140,Y,1.0,Flat,0
54,F,ATA,160,312,0,Normal,130,N,0.0,Up,0
58,M,NAP,160,211,1,ST,92,N,0.0,Flat,1
58,M,ATA,130,251,0,Normal,110,N,0.0,Up,0
41,M,ASY,120,237,1,Normal,138,Y,1.0,Flat,1
50,F,ASY,120,328,0,Normal,110,Y,1.0,Flat,0
53,M,ASY,180,285,0,ST,120,Y,1.5,Flat,1
46,M,ASY,180,280,0,ST,120,N,0.0,Up,0
50,M,ATA,170,209,0,ST,116,N,0.0,Up,0
48,M,ATA,130,245,0,Normal,160,N,0.0,Up,0
45,M,NAP,135,192,0,Normal,110,N,0.0,Up,0
41,F,ATA,125,184,0,Normal,180,N,0.0,Up,0
62,F,TA,160,193,0,Normal,116,N,0.0,Up,0
49,M,ASY,120,297,0,Normal,132,N,1.0,Flat,0
42,M,ATA,150,268,0,Normal,136,N,0.0,Up,0
53,M,ASY,120,246,0,Normal,116,Y,0.0,Flat,1
57,F,TA,130,308,0,Normal,98,N,1.0,Flat,0
47,M,TA,110,249,0,Normal,150,N,0.0,Up,0
46,M,NAP,120,230,0,Normal,150,N,0.0,Up,0
42,M,NAP,160,147,0,Normal,146,N,0.0,Up,0
31,F,ATA,100,219,0,ST,150,N,0.0,Up,0
56,M,ATA,130,184,0,Normal,100,N,0.0,Up,0
50,M,ASY,150,215,0,Normal,140,Y,0.0,Up,0
35,M,ATA,120,308,0,LVH,180,N,0.0,Up,0
35,M,ATA,110,257,0,Normal,140,N,0.0,Flat,1
28,M,ATA,130,132,0,LVH,185,N,0.0,Up,0
54,M,ASY,125,216,0,Normal,140,N,0.0,Flat,1
48,M,ASY,106,263,1,Normal,110,N,0.0,Flat,1
50,F,NAP,140,288,0,Normal,140,Y,0.0,Flat,1
56,M,NAP,130,276,0,Normal,128,Y,1.0,Up,0
56,F,NAP,130,219,0,ST,164,N,0.0,Up,0
47,M,ASY,150,226,0,Normal,98,Y,1.5,Flat,1
30,F,TA,170,237,0,ST,170,N,0.0,Up,0
39,M,ASY,110,280,0,Normal,150,N,0.0,Flat,1
54,M,NAP,120,217,0,Normal,137,N,0.0,Up,0
55,M,ATA,140,196,0,Normal,150,N,0.0,Up,0
29,M,ATA,140,263,0,Normal,170,N,0.0,Up,0
46,M,ASY,130,222,0,Normal,112,N,0.0,Flat,1
51,F,ASY,160,303,0,Normal,150,Y,1.0,Flat,1
48,F,NAP,120,195,0,Normal,125,N,0.0,Up,0
33,M,NAP,120,298,0,Normal,185,N,0.0,Up,0
55,M,ATA,120,256,1,Normal,137,N,0.0,Up,0
50,M,ASY,145,264,0,Normal,150,N,0.0,Flat,1
53,M,NAP,120,195,0,Normal,140,N,0.0,Up,0
38,M,ASY,92,117,0,Normal,134,Y,2.5,Flat,1
41,M,ATA,120,295,0,Normal,170,N,0.0,Up,0
37,F,ASY,130,173,0,ST,184,N,0.0,Up,0
37,M,ASY,130,315,0,Normal,158,N,0.0,Up,0
40,M,NAP,130,281,0,Normal,167,N,0.0,Up,0
38,F,ATA,120,275,0,Normal,129,N,0.0,Up,0
41,M,ASY,112,250,0,Normal,142,N,0.0,Up,0
54,F,ATA,140,309,0,ST,140,N,0.0,Up,0
39,M,ATA,120,200,0,Normal,160,Y,1.0,Flat,0
41,M,ASY,120,336,0,Normal,118,Y,3.0,Flat,1
55,M,TA,140,295,0,Normal,136,N,0.0,Flat,1
48,M,ASY,160,355,0,Normal,99,Y,2.0,Flat,1
48,M,ASY,160,193,0,Normal,102,Y,3.0,Flat,1
55,M,ATA,145,326,0,Normal,155,N,0.0,Up,0
54,M,ASY,200,198,0,Normal,142,Y,2.0,Flat,1
55,M,ATA,160,292,1,Normal,143,Y,2.0,Flat,1
43,F,ATA,120,266,0,Normal,118,N,0.0,Up,0
48,M,ASY,160,268,0,Normal,103,Y,1.0,Flat,1
54,M,TA,120,171,0,Normal,137,N,2.0,Up,0
54,M,NAP,120,237,0,Normal,150,Y,1.5,Flat,1
48,M,ASY,122,275,1,ST,150,Y,2.0,Down,1
45,M,ASY,130,219,0,ST,130,Y,1.0,Flat,1
49,M,ASY,130,341,0,Normal,120,Y,1.0,Flat,1
44,M,ASY,135,491,0,Normal,135,N,0.0,Flat,1
48,M,ASY,120,260,0,Normal,115,N,2.0,Flat,1
61,M,ASY,125,292,0,ST,115,Y,0.0,Up,0
62,M,ATA,140,271,0,Normal,152,N,1.0,Up,0
55,M,ASY,145,248,0,Normal,96,Y,2.0,Flat,1
53,F,NAP,120,274,0,Normal,130,N,0.0,Up,0
55,F,ATA,130,394,0,LVH,150,N,0.0,Up,0
36,M,NAP,150,160,0,Normal,172,N,0.0,Up,0
51,F,NAP,150,200,0,Normal,120,N,0.5,Up,0
55,F,ATA,122,320,0,Normal,155,N,0.0,Up,0
46,M,ATA,140,275,0,Normal,165,Y,0.0,Up,0
54,F,ATA,120,221,0,Normal,138,N,1.0,Up,0
46,M,ASY,120,231,0,Normal,115,Y,0.0,Flat,1
59,M,ASY,130,126,0,Normal,125,N,0.0,Flat,1
47,M,NAP,140,193,0,Normal,145,Y,1.0,Flat,1
54,M,ATA,160,305,0,Normal,175,N,0.0,Up,0
52,M,ASY,130,298,0,Normal,110,Y,1.0,Flat,1
34,M,ATA,98,220,0,Normal,150,N,0.0,Up,0
54,M,ASY,130,242,0,Normal,91,Y,1.0,Flat,1
47,F,NAP,130,235,0,Normal,145,N,2.0,Flat,0
45,M,ASY,120,225,0,Normal,140,N,0.0,Up,0
32,F,ATA,105,198,0,Normal,165,N,0.0,Up,0
55,M,ASY,140,201,0,Normal,130,Y,3.0,Flat,1
55,M,NAP,120,220,0,LVH,134,N,0.0,Up,0
45,F,ATA,180,295,0,Normal,180,N,0.0,Up,0
59,M,NAP,180,213,0,Normal,100,N,0.0,Up,0
51,M,NAP,135,160,0,Normal,150,N,2.0,Flat,1
52,M,ASY,170,223,0,Normal,126,Y,1.5,Flat,1
57,F,ASY,180,347,0,ST,126,Y,0.8,Flat,0
54,F,ATA,130,253,0,ST,155,N,0.0,Up,0
60,M,NAP,120,246,0,LVH,135,N,0.0,Up,0
49,M,ASY,150,222,0,Normal,122,N,2.0,Flat,1
51,F,NAP,130,220,0,Normal,160,Y,2.0,Up,0
55,F,ATA,110,344,0,ST,160,N,0.0,Up,0
42,M,ASY,140,358,0,Normal,170,N,0.0,Up,0
51,F,NAP,110,190,0,Normal,120,N,0.0,Up,0
59,M,ASY,140,169,0,Normal,140,N,0.0,Up,0
53,M,ATA,120,181,0,Normal,132,N,0.0,Up,0
48,F,ATA,133,308,0,ST,156,N,2.0,Up,0
36,M,ATA,120,166,0,Normal,180,N,0.0,Up,0
48,M,NAP,110,211,0,Normal,138,N,0.0,Up,0
47,F,ATA,140,257,0,Normal,135,N,1.0,Up,0
53,M,ASY,130,182,0,Normal,148,N,0.0,Up,0
65,M,ASY,115,0,0,Normal,93,Y,0.0,Flat,1
32,M,TA,95,0,1,Normal,127,N,0.7,Up,1
61,M,ASY,105,0,1,Normal,110,Y,1.5,Up,1
50,M,ASY,145,0,1,Normal,139,Y,0.7,Flat,1
57,M,ASY,110,0,1,ST,131,Y,1.4,Up,1
51,M,ASY,110,0,1,Normal,92,N,0.0,Flat,1
47,M,ASY,110,0,1,ST,149,N,2.1,Up,1
60,M,ASY,160,0,1,Normal,149,N,0.4,Flat,1
55,M,ATA,140,0,0,ST,150,N,0.2,Up,0
53,M,ASY,125,0,1,Normal,120,N,1.5,Up,1
62,F,ASY,120,0,1,ST,123,Y,1.7,Down,1
51,M,ASY,95,0,1,Normal,126,N,2.2,Flat,1
51,F,ASY,120,0,1,Normal,127,Y,1.5,Up,1
55,M,ASY,115,0,1,Normal,155,N,0.1,Flat,1
53,M,ATA,130,0,0,ST,120,N,0.7,Down,0
58,M,ASY,115,0,1,Normal,138,N,0.5,Up,1
57,M,ASY,95,0,1,Normal,182,N,0.7,Down,1
65,M,ASY,155,0,0,Normal,154,N,1.0,Up,0
60,M,ASY,125,0,1,Normal,110,N,0.1,Up,1
41,M,ASY,125,0,1,Normal,176,N,1.6,Up,1
34,M,ASY,115,0,1,Normal,154,N,0.2,Up,1
53,M,ASY,80,0,0,Normal,141,Y,2.0,Down,0
74,M,ATA,145,0,1,ST,123,N,1.3,Up,1
57,M,NAP,105,0,1,Normal,148,N,0.3,Flat,1
56,M,ASY,140,0,1,Normal,121,Y,1.8,Up,1
61,M,ASY,130,0,1,Normal,77,N,2.5,Flat,1
68,M,ASY,145,0,1,Normal,136,N,1.8,Up,1
59,M,NAP,125,0,1,Normal,175,N,2.6,Flat,1
63,M,ASY,100,0,1,Normal,109,N,-0.9,Flat,1
38,F,ASY,105,0,1,Normal,166,N,2.8,Up,1
62,M,ASY,115,0,1,Normal,128,Y,2.5,Down,1
46,M,ASY,100,0,1,ST,133,N,-2.6,Flat,1
42,M,ASY,105,0,1,Normal,128,Y,-1.5,Down,1
45,M,NAP,110,0,0,Normal,138,N,-0.1,Up,0
59,M,ASY,125,0,1,Normal,119,Y,0.9,Up,1
52,M,ASY,95,0,1,Normal,82,Y,0.8,Flat,1
60,M,ASY,130,0,1,ST,130,Y,1.1,Down,1
60,M,NAP,115,0,1,Normal,143,N,2.4,Up,1
56,M,ASY,115,0,1,ST,82,N,-1.0,Up,1
38,M,NAP,100,0,0,Normal,179,N,-1.1,Up,0
40,M,ASY,95,0,1,ST,144,N,0.0,Up,1
51,M,ASY,130,0,1,Normal,170,N,-0.7,Up,1
62,M,TA,120,0,1,LVH,134,N,-0.8,Flat,1
72,M,NAP,160,0,0,LVH,114,N,1.6,Flat,0
63,M,ASY,150,0,1,ST,154,N,3.7,Up,1
63,M,ASY,140,0,1,LVH,149,N,2.0,Up,1
64,F,ASY,95,0,1,Normal,145,N,1.1,Down,1
43,M,ASY,100,0,1,Normal,122,N,1.5,Down,1
64,M,ASY,110,0,1,Normal,114,Y,1.3,Down,1
61,M,ASY,110,0,1,Normal,113,N,1.4,Flat,1
52,M,ASY,130,0,1,Normal,120,N,0.0,Flat,1
51,M,ASY,120,0,1,Normal,104,N,0.0,Flat,1
69,M,ASY,135,0,0,Normal,130,N,0.0,Flat,1
59,M,ASY,120,0,0,Normal,115,N,0.0,Flat,1
48,M,ASY,115,0,1,Normal,128,N,0.0,Flat,1
69,M,ASY,137,0,0,ST,104,Y,1.6,Flat,1
36,M,ASY,110,0,1,Normal,125,Y,1.0,Flat,1
53,M,ASY,120,0,1,Normal,120,N,0.0,Flat,1
43,M,ASY,140,0,0,ST,140,Y,0.5,Up,1
56,M,ASY,120,0,0,ST,100,Y,-1.0,Down,1
58,M,ASY,130,0,0,ST,100,Y,1.0,Flat,1
55,M,ASY,120,0,0,ST,92,N,0.3,Up,1
67,M,TA,145,0,0,LVH,125,N,0.0,Flat,1
46,M,ASY,115,0,0,Normal,113,Y,1.5,Flat,1
53,M,ATA,120,0,0,Normal,95,N,0.0,Flat,1
38,M,NAP,115,0,0,Normal,128,Y,0.0,Flat,1
53,M,NAP,105,0,0,Normal,115,N,0.0,Flat,1
62,M,NAP,160,0,0,Normal,72,Y,0.0,Flat,1
47,M,ASY,160,0,0,Normal,124,Y,0.0,Flat,1
56,M,NAP,155,0,0,ST,99,N,0.0,Flat,1
56,M,ASY,120,0,0,ST,148,N,0.0,Flat,1
56,M,NAP,120,0,0,Normal,97,N,0.0,Flat,0
64,F,ASY,200,0,0,Normal,140,Y,1.0,Flat,1
61,M,ASY,150,0,0,Normal,117,Y,2.0,Flat,1
68,M,ASY,135,0,0,ST,120,Y,0.0,Up,1
57,M,ASY,140,0,0,Normal,120,Y,2.0,Flat,1
63,M,ASY,150,0,0,Normal,86,Y,2.0,Flat,1
60,M,ASY,135,0,0,Normal,63,Y,0.5,Up,1
66,M,ASY,150,0,0,Normal,108,Y,2.0,Flat,1
63,M,ASY,185,0,0,Normal,98,Y,0.0,Up,1
59,M,ASY,135,0,0,Normal,115,Y,1.0,Flat,1
61,M,ASY,125,0,0,Normal,105,Y,0.0,Down,1
73,F,NAP,160,0,0,ST,121,N,0.0,Up,1
47,M,NAP,155,0,0,Normal,118,Y,1.0,Flat,1
65,M,ASY,160,0,1,ST,122,N,1.2,Flat,1
70,M,ASY,140,0,1,Normal,157,Y,2.0,Flat,1
50,M,ASY,120,0,0,ST,156,Y,0.0,Up,1
60,M,ASY,160,0,0,ST,99,Y,0.5,Flat,1
50,M,ASY,115,0,0,Normal,120,Y,0.5,Flat,1
43,M,ASY,115,0,0,Normal,145,Y,2.0,Flat,1
38,F,ASY,110,0,0,Normal,156,N,0.0,Flat,1
54,M,ASY,120,0,0,Normal,155,N,0.0,Flat,1
61,M,ASY,150,0,0,Normal,105,Y,0.0,Flat,1
42,M,ASY,145,0,0,Normal,99,Y,0.0,Flat,1
53,M,ASY,130,0,0,LVH,135,Y,1.0,Flat,1
55,M,ASY,140,0,0,Normal,83,N,0.0,Flat,1
61,M,ASY,160,0,1,ST,145,N,1.0,Flat,1
51,M,ASY,140,0,0,Normal,60,N,0.0,Flat,1
70,M,ASY,115,0,0,ST,92,Y,0.0,Flat,1
61,M,ASY,130,0,0,LVH,115,N,0.0,Flat,1
38,M,ASY,150,0,1,Normal,120,Y,0.7,Flat,1
57,M,ASY,160,0,1,Normal,98,Y,2.0,Flat,1
38,M,ASY,135,0,1,Normal,150,N,0.0,Flat,1
62,F,TA,140,0,1,Normal,143,N,0.0,Flat,1
58,M,ASY,170,0,1,ST,105,Y,0.0,Flat,1
52,M,ASY,165,0,1,Normal,122,Y,1.0,Up,1
61,M,NAP,200,0,1,ST,70,N,0.0,Flat,1
50,F,ASY,160,0,1,Normal,110,N,0.0,Flat,1
51,M,ASY,130,0,1,ST,163,N,0.0,Flat,1
65,M,ASY,145,0,1,ST,67,N,0.7,Flat,1
52,M,ASY,135,0,1,Normal,128,Y,2.0,Flat,1
47,M,NAP,110,0,1,Normal,120,Y,0.0,Flat,1
35,M,ASY,120,0,1,Normal,130,Y,1.2,Flat,1
57,M,ASY,140,0,1,Normal,100,Y,0.0,Flat,1
62,M,ASY,115,0,1,Normal,72,Y,-0.5,Flat,1
59,M,ASY,110,0,1,Normal,94,N,0.0,Flat,1
53,M,NAP,160,0,1,LVH,122,Y,0.0,Flat,1
62,M,ASY,150,0,1,ST,78,N,2.0,Flat,1
54,M,ASY,180,0,1,Normal,150,N,1.5,Flat,1
56,M,ASY,125,0,1,Normal,103,Y,1.0,Flat,1
56,M,NAP,125,0,1,Normal,98,N,-2.0,Flat,1
54,M,ASY,130,0,1,Normal,110,Y,3.0,Flat,1
66,F,ASY,155,0,1,Normal,90,N,0.0,Flat,1
63,M,ASY,140,260,0,ST,112,Y,3.0,Flat,1
44,M,ASY,130,209,0,ST,127,N,0.0,Up,0
60,M,ASY,132,218,0,ST,140,Y,1.5,Down,1
55,M,ASY,142,228,0,ST,149,Y,2.5,Up,1
66,M,NAP,110,213,1,LVH,99,Y,1.3,Flat,0
66,M,NAP,120,0,0,ST,120,N,-0.5,Up,0
65,M,ASY,150,236,1,ST,105,Y,0.0,Flat,1
60,M,NAP,180,0,0,ST,140,Y,1.5,Flat,0
60,M,NAP,120,0,1,Normal,141,Y,2.0,Up,1
60,M,ATA,160,267,1,ST,157,N,0.5,Flat,1
56,M,ATA,126,166,0,ST,140,N,0.0,Up,0
59,M,ASY,140,0,0,ST,117,Y,1.0,Flat,1
62,M,ASY,110,0,0,Normal,120,Y,0.5,Flat,1
63,M,NAP,133,0,0,LVH,120,Y,1.0,Flat,1
57,M,ASY,128,0,1,ST,148,Y,1.0,Flat,1
62,M,ASY,120,220,0,ST,86,N,0.0,Up,0
63,M,ASY,170,177,0,Normal,84,Y,2.5,Down,1
46,M,ASY,110,236,0,Normal,125,Y,2.0,Flat,1
63,M,ASY,126,0,0,ST,120,N,1.5,Down,0
60,M,ASY,152,0,0,ST,118,Y,0.0,Up,0
58,M,ASY,116,0,0,Normal,124,N,1.0,Up,1
64,M,ASY,120,0,1,ST,106,N,2.0,Flat,1
63,M,NAP,130,0,0,ST,111,Y,0.0,Flat,1
74,M,NAP,138,0,0,Normal,116,N,0.2,Up,0
52,M,NAP,128,0,0,ST,180,N,3.0,Up,1
69,M,ASY,130,0,1,ST,129,N,1.0,Flat,1
51,M,ASY,128,0,1,ST,125,Y,1.2,Flat,1
60,M,ASY,130,186,1,ST,140,Y,0.5,Flat,1
56,M,ASY,120,100,0,Normal,120,Y,1.5,Flat,1
55,M,NAP,136,228,0,ST,124,Y,1.6,Flat,1
54,M,ASY,130,0,0,ST,117,Y,1.4,Flat,1
77,M,ASY,124,171,0,ST,110,Y,2.0,Up,1
63,M,ASY,160,230,1,Normal,105,Y,1.0,Flat,1
55,M,NAP,0,0,0,Normal,155,N,1.5,Flat,1
52,M,NAP,122,0,0,Normal,110,Y,2.0,Down,1
64,M,ASY,144,0,0,ST,122,Y,1.0,Flat,1
60,M,ASY,140,281,0,ST,118,Y,1.5,Flat,1
60,M,ASY,120,0,0,Normal,133,Y,2.0,Up,0
58,M,ASY,136,203,1,Normal,123,Y,1.2,Flat,1
59,M,ASY,154,0,0,ST,131,Y,1.5,Up,0
61,M,NAP,120,0,0,Normal,80,Y,0.0,Flat,1
40,M,ASY,125,0,1,Normal,165,N,0.0,Flat,1
61,M,ASY,134,0,1,ST,86,N,1.5,Flat,1
41,M,ASY,104,0,0,ST,111,N,0.0,Up,0
57,M,ASY,139,277,1,ST,118,Y,1.9,Flat,1
63,M,ASY,136,0,0,Normal,84,Y,0.0,Flat,1
59,M,ASY,122,233,0,Normal,117,Y,1.3,Down,1
51,M,ASY,128,0,0,Normal,107,N,0.0,Up,0
59,M,NAP,131,0,0,Normal,128,Y,2.0,Down,1
42,M,NAP,134,240,0,Normal,160,N,0.0,Up,0
55,M,NAP,120,0,0,ST,125,Y,2.5,Flat,1
63,F,ATA,132,0,0,Normal,130,N,0.1,Up,0
62,M,ASY,152,153,0,ST,97,Y,1.6,Up,1
56,M,ATA,124,224,1,Normal,161,N,2.0,Flat,0
53,M,ASY,126,0,0,Normal,106,N,0.0,Flat,1
68,M,ASY,138,0,0,Normal,130,Y,3.0,Flat,1
53,M,ASY,154,0,1,ST,140,Y,1.5,Flat,1
60,M,NAP,141,316,1,ST,122,Y,1.7,Flat,1
62,M,ATA,131,0,0,Normal,130,N,0.1,Up,0
59,M,ASY,178,0,1,LVH,120,Y,0.0,Flat,1
51,M,ASY,132,218,1,LVH,139,N,0.1,Up,0
61,M,ASY,110,0,1,Normal,108,Y,2.0,Down,1
57,M,ASY,130,311,1,ST,148,Y,2.0,Flat,1
56,M,NAP,170,0,0,LVH,123,Y,2.5,Flat,1
58,M,ATA,126,0,1,Normal,110,Y,2.0,Flat,1
69,M,NAP,140,0,1,ST,118,N,2.5,Down,1
67,M,TA,142,270,1,Normal,125,N,2.5,Up,1
58,M,ASY,120,0,0,LVH,106,Y,1.5,Down,1
65,M,ASY,134,0,0,Normal,112,Y,1.1,Flat,1
63,M,ATA,139,217,1,ST,128,Y,1.2,Flat,1
55,M,ATA,110,214,1,ST,180,N,0.4,Up,0
57,M,ASY,140,214,0,ST,144,Y,2.0,Flat,1
65,M,TA,140,252,0,Normal,135,N,0.3,Up,0
54,M,ASY,136,220,0,Normal,140,Y,3.0,Flat,1
72,M,NAP,120,214,0,Normal,102,Y,1.0,Flat,1
75,M,ASY,170,203,1,ST,108,N,0.0,Flat,1
49,M,TA,130,0,0,ST,145,N,3.0,Flat,1
51,M,NAP,137,339,0,Normal,127,Y,1.7,Flat,1
60,M,ASY,142,216,0,Normal,110,Y,2.5,Flat,1
64,F,ASY,142,276,0,Normal,140,Y,1.0,Flat,1
58,M,ASY,132,458,1,Normal,69,N,1.0,Down,0
61,M,ASY,146,241,0,Normal,148,Y,3.0,Down,1
67,M,ASY,160,384,1,ST,130,Y,0.0,Flat,1
62,M,ASY,135,297,0,Normal,130,Y,1.0,Flat,1
65,M,ASY,136,248,0,Normal,140,Y,4.0,Down,1
63,M,ASY,130,308,0,Normal,138,Y,2.0,Flat,1
69,M,ASY,140,208,0,ST,140,Y,2.0,Flat,1
51,M,ASY,132,227,1,ST,138,N,0.2,Up,0
62,M,ASY,158,210,1,Normal,112,Y,3.0,Down,1
55,M,NAP,136,245,1,ST,131,Y,1.2,Flat,1
75,M,ASY,136,225,0,Normal,112,Y,3.0,Flat,1
40,M,NAP,106,240,0,Normal,80,Y,0.0,Up,0
67,M,ASY,120,0,1,Normal,150,N,1.5,Down,1
58,M,ASY,110,198,0,Normal,110,N,0.0,Flat,1
60,M,ASY,136,195,0,Normal,126,N,0.3,Up,0
63,M,ASY,160,267,1,ST,88,Y,2.0,Flat,1
35,M,NAP,123,161,0,ST,153,N,-0.1,Up,0
62,M,TA,112,258,0,ST,150,Y,1.3,Flat,1
43,M,ASY,122,0,0,Normal,120,N,0.5,Up,1
63,M,NAP,130,0,1,ST,160,N,3.0,Flat,0
68,M,NAP,150,195,1,Normal,132,N,0.0,Flat,1
65,M,ASY,150,235,0,Normal,120,Y,1.5,Flat,1
48,M,NAP,102,0,1,ST,110,Y,1.0,Down,1
63,M,ASY,96,305,0,ST,121,Y,1.0,Up,1
64,M,ASY,130,223,0,ST,128,N,0.5,Flat,0
61,M,ASY,120,282,0,ST,135,Y,4.0,Down,1
50,M,ASY,144,349,0,LVH,120,Y,1.0,Up,1
59,M,ASY,124,160,0,Normal,117,Y,1.0,Flat,1
55,M,ASY,150,160,0,ST,150,N,0.0,Up,0
45,M,NAP,130,236,0,Normal,144,N,0.1,Up,0
65,M,ASY,144,312,0,LVH,113,Y,1.7,Flat,1
61,M,ATA,139,283,0,Normal,135,N,0.3,Up,0
49,M,NAP,131,142,0,Normal,127,Y,1.5,Flat,1
72,M,ASY,143,211,0,Normal,109,Y,1.4,Flat,1
50,M,ASY,133,218,0,Normal,128,Y,1.1,Flat,1
64,M,ASY,143,306,1,ST,115,Y,1.8,Flat,1
55,M,ASY,116,186,1,ST,102,N,0.0,Flat,1
63,M,ASY,110,252,0,ST,140,Y,2.0,Flat,1
59,M,ASY,125,222,0,Normal,135,Y,2.5,Down,1
56,M,ASY,130,0,0,LVH,122,Y,1.0,Flat,1
62,M,NAP,133,0,1,ST,119,Y,1.2,Flat,1
74,M,ASY,150,258,1,ST,130,Y,4.0,Down,1
54,M,ASY,130,202,1,Normal,112,Y,2.0,Flat,1
57,M,ASY,110,197,0,LVH,100,N,0.0,Up,0
62,M,NAP,138,204,0,ST,122,Y,1.2,Flat,1
76,M,NAP,104,113,0,LVH,120,N,3.5,Down,1
54,F,ASY,138,274,0,Normal,105,Y,1.5,Flat,1
70,M,ASY,170,192,0,ST,129,Y,3.0,Down,1
61,F,ATA,140,298,1,Normal,120,Y,0.0,Up,0
48,M,ASY,132,272,0,ST,139,N,0.2,Up,0
48,M,NAP,132,220,1,ST,162,N,0.0,Flat,1
61,M,TA,142,200,1,ST,100,N,1.5,Down,1
66,M,ASY,112,261,0,Normal,140,N,1.5,Up,1
68,M,TA,139,181,1,ST,135,N,0.2,Up,0
55,M,ASY,172,260,0,Normal,73,N,2.0,Flat,1
62,M,NAP,120,220,0,LVH,86,N,0.0,Up,0
71,M,NAP,144,221,0,Normal,108,Y,1.8,Flat,1
74,M,TA,145,216,1,Normal,116,Y,1.8,Flat,1
53,M,NAP,155,175,1,ST,160,N,0.3,Up,0
58,M,NAP,150,219,0,ST,118,Y,0.0,Flat,1
75,M,ASY,160,310,1,Normal,112,Y,2.0,Down,0
56,M,NAP,137,208,1,ST,122,Y,1.8,Flat,1
58,M,NAP,137,232,0,ST,124,Y,1.4,Flat,1
64,M,ASY,134,273,0,Normal,102,Y,4.0,Down,1
54,M,NAP,133,203,0,ST,137,N,0.2,Up,0
54,M,ATA,132,182,0,ST,141,N,0.1,Up,0
59,M,ASY,140,274,0,Normal,154,Y,2.0,Flat,0
55,M,ASY,135,204,1,ST,126,Y,1.1,Flat,1
57,M,ASY,144,270,1,ST,160,Y,2.0,Flat,1
61,M,ASY,141,292,0,ST,115,Y,1.7,Flat,1
41,M,ASY,150,171,0,Normal,128,Y,1.5,Flat,0
71,M,ASY,130,221,0,ST,115,Y,0.0,Flat,1
38,M,ASY,110,289,0,Normal,105,Y,1.5,Down,1
55,M,ASY,158,217,0,Normal,110,Y,2.5,Flat,1
56,M,ASY,128,223,0,ST,119,Y,2.0,Down,1
69,M,ASY,140,110,1,Normal,109,Y,1.5,Flat,1
64,M,ASY,150,193,0,ST,135,Y,0.5,Flat,1
72,M,ASY,160,123,1,LVH,130,N,1.5,Flat,1
69,M,ASY,142,210,1,ST,112,Y,1.5,Flat,1
56,M,ASY,137,282,1,Normal,126,Y,1.2,Flat,1
62,M,ASY,139,170,0,ST,120,Y,3.0,Flat,1
67,M,ASY,146,369,0,Normal,110,Y,1.9,Flat,1
57,M,ASY,156,173,0,LVH,119,Y,3.0,Down,1
69,M,ASY,145,289,1,ST,110,Y,1.8,Flat,1
51,M,ASY,131,152,1,LVH,130,Y,1.0,Flat,1
48,M,ASY,140,208,0,Normal,159,Y,1.5,Up,1
69,M,ASY,122,216,1,LVH,84,Y,0.0,Flat,1
69,M,NAP,142,271,0,LVH,126,N,0.3,Up,0
64,M,ASY,141,244,1,ST,116,Y,1.5,Flat,1
57,M,ATA,180,285,1,ST,120,N,0.8,Flat,1
53,M,ASY,124,243,0,Normal,122,Y,2.0,Flat,1
37,M,NAP,118,240,0,LVH,165,N,1.0,Flat,0
67,M,ASY,140,219,0,ST,122,Y,2.0,Flat,1
74,M,NAP,140,237,1,Normal,94,N,0.0,Flat,1
63,M,ATA,136,165,0,ST,133,N,0.2,Up,0
58,M,ASY,100,213,0,ST,110,N,0.0,Up,0
61,M,ASY,190,287,1,LVH,150,Y,2.0,Down,1
64,M,ASY,130,258,1,LVH,130,N,0.0,Flat,1
58,M,ASY,160,256,1,LVH,113,Y,1.0,Up,1
60,M,ASY,130,186,1,LVH,140,Y,0.5,Flat,1
57,M,ASY,122,264,0,LVH,100,N,0.0,Flat,1
55,M,NAP,133,185,0,ST,136,N,0.2,Up,0
55,M,ASY,120,226,0,LVH,127,Y,1.7,Down,1
56,M,ASY,130,203,1,Normal,98,N,1.5,Flat,1
57,M,ASY,130,207,0,ST,96,Y,1.0,Flat,0
61,M,NAP,140,284,0,Normal,123,Y,1.3,Flat,1
61,M,NAP,120,337,0,Normal,98,Y,0.0,Flat,1
74,M,ASY,155,310,0,Normal,112,Y,1.5,Down,1
68,M,NAP,134,254,1,Normal,151,Y,0.0,Up,0
51,F,ASY,114,258,1,LVH,96,N,1.0,Up,0
62,M,ASY,160,254,1,ST,108,Y,3.0,Flat,1
53,M,ASY,144,300,1,ST,128,Y,1.5,Flat,1
62,M,ASY,158,170,0,ST,138,Y,0.0,Flat,1
46,M,ASY,134,310,0,Normal,126,N,0.0,Flat,1
54,F,ASY,127,333,1,ST,154,N,0.0,Flat,1
62,M,TA,135,139,0,ST,137,N,0.2,Up,0
55,M,ASY,122,223,1,ST,100,N,0.0,Flat,1
58,M,ASY,140,385,1,LVH,135,N,0.3,Up,0
62,M,ATA,120,254,0,LVH,93,Y,0.0,Flat,1
70,M,ASY,130,322,0,LVH,109,N,2.4,Flat,1
67,F,NAP,115,564,0,LVH,160,N,1.6,Flat,0
57,M,ATA,124,261,0,Normal,141,N,0.3,Up,1
64,M,ASY,128,263,0,Normal,105,Y,0.2,Flat,0
74,F,ATA,120,269,0,LVH,121,Y,0.2,Up,0
65,M,ASY,120,177,0,Normal,140,N,0.4,Up,0
56,M,NAP,130,256,1,LVH,142,Y,0.6,Flat,1
59,M,ASY,110,239,0,LVH,142,Y,1.2,Flat,1
60,M,ASY,140,293,0,LVH,170,N,1.2,Flat,1
63,F,ASY,150,407,0,LVH,154,N,4.0,Flat,1
59,M,ASY,135,234,0,Normal,161,N,0.5,Flat,0
53,M,ASY,142,226,0,LVH,111,Y,0.0,Up,0
44,M,NAP,140,235,0,LVH,180,N,0.0,Up,0
61,M,TA,134,234,0,Normal,145,N,2.6,Flat,1
57,F,ASY,128,303,0,LVH,159,N,0.0,Up,0
71,F,ASY,112,149,0,Normal,125,N,1.6,Flat,0
46,M,ASY,140,311,0,Normal,120,Y,1.8,Flat,1
53,M,ASY,140,203,1,LVH,155,Y,3.1,Down,1
64,M,TA,110,211,0,LVH,144,Y,1.8,Flat,0
40,M,TA,140,199,0,Normal,178,Y,1.4,Up,0
67,M,ASY,120,229,0,LVH,129,Y,2.6,Flat,1
48,M,ATA,130,245,0,LVH,180,N,0.2,Flat,0
43,M,ASY,115,303,0,Normal,181,N,1.2,Flat,0
47,M,ASY,112,204,0,Normal,143,N,0.1,Up,0
54,F,ATA,132,288,1,LVH,159,Y,0.0,Up,0
48,F,NAP,130,275,0,Normal,139,N,0.2,Up,0
46,F,ASY,138,243,0,LVH,152,Y,0.0,Flat,0
51,F,NAP,120,295,0,LVH,157,N,0.6,Up,0
58,M,NAP,112,230,0,LVH,165,N,2.5,Flat,1
71,F,NAP,110,265,1,LVH,130,N,0.0,Up,0
57,M,NAP,128,229,0,LVH,150,N,0.4,Flat,1
66,M,ASY,160,228,0,LVH,138,N,2.3,Up,0
37,F,NAP,120,215,0,Normal,170,N,0.0,Up,0
59,M,ASY,170,326,0,LVH,140,Y,3.4,Down,1
50,M,ASY,144,200,0,LVH,126,Y,0.9,Flat,1
48,M,ASY,130,256,1,LVH,150,Y,0.0,Up,1
61,M,ASY,140,207,0,LVH,138,Y,1.9,Up,1
59,M,TA,160,273,0,LVH,125,N,0.0,Up,1
42,M,NAP,130,180,0,Normal,150,N,0.0,Up,0
48,M,ASY,122,222,0,LVH,186,N,0.0,Up,0
40,M,ASY,152,223,0,Normal,181,N,0.0,Up,1
62,F,ASY,124,209,0,Normal,163,N,0.0,Up,0
44,M,NAP,130,233,0,Normal,179,Y,0.4,Up,0
46,M,ATA,101,197,1,Normal,156,N,0.0,Up,0
59,M,NAP,126,218,1,Normal,134,N,2.2,Flat,1
58,M,NAP,140,211,1,LVH,165,N,0.0,Up,0
49,M,NAP,118,149,0,LVH,126,N,0.8,Up,1
44,M,ASY,110,197,0,LVH,177,N,0.0,Up,1
66,M,ATA,160,246,0,Normal,120,Y,0.0,Flat,1
65,F,ASY,150,225,0,LVH,114,N,1.0,Flat,1
42,M,ASY,136,315,0,Normal,125,Y,1.8,Flat,1
52,M,ATA,128,205,1,Normal,184,N,0.0,Up,0
65,F,NAP,140,417,1,LVH,157,N,0.8,Up,0
63,F,ATA,140,195,0,Normal,179,N,0.0,Up,0
45,F,ATA,130,234,0,LVH,175,N,0.6,Flat,0
41,F,ATA,105,198,0,Normal,168,N,0.0,Up,0
61,M,ASY,138,166,0,LVH,125,Y,3.6,Flat,1
60,F,NAP,120,178,1,Normal,96,N,0.0,Up,0
59,F,ASY,174,249,0,Normal,143,Y,0.0,Flat,1
62,M,ATA,120,281,0,LVH,103,N,1.4,Flat,1
57,M,NAP,150,126,1,Normal,173,N,0.2,Up,0
51,F,ASY,130,305,0,Normal,142,Y,1.2,Flat,1
44,M,NAP,120,226,0,Normal,169,N,0.0,Up,0
60,F,TA,150,240,0,Normal,171,N,0.9,Up,0
63,M,TA,145,233,1,LVH,150,N,2.3,Down,0
57,M,ASY,150,276,0,LVH,112,Y,0.6,Flat,1
51,M,ASY,140,261,0,LVH,186,Y,0.0,Up,0
58,F,ATA,136,319,1,LVH,152,N,0.0,Up,1
44,F,NAP,118,242,0,Normal,149,N,0.3,Flat,0
47,M,NAP,108,243,0,Normal,152,N,0.0,Up,1
61,M,ASY,120,260,0,Normal,140,Y,3.6,Flat,1
57,F,ASY,120,354,0,Normal,163,Y,0.6,Up,0
70,M,ATA,156,245,0,LVH,143,N,0.0,Up,0
76,F,NAP,140,197,0,ST,116,N,1.1,Flat,0
67,F,ASY,106,223,0,Normal,142,N,0.3,Up,0
45,M,ASY,142,309,0,LVH,147,Y,0.0,Flat,1
45,M,ASY,104,208,0,LVH,148,Y,3.0,Flat,0
39,F,NAP,94,199,0,Normal,179,N,0.0,Up,0
42,F,NAP,120,209,0,Normal,173,N,0.0,Flat,0
56,M,ATA,120,236,0,Normal,178,N,0.8,Up,0
58,M,ASY,146,218,0,Normal,105,N,2.0,Flat,1
35,M,ASY,120,198,0,Normal,130,Y,1.6,Flat,1
58,M,ASY,150,270,0,LVH,111,Y,0.8,Up,1
41,M,NAP,130,214,0,LVH,168,N,2.0,Flat,0
57,M,ASY,110,201,0,Normal,126,Y,1.5,Flat,0
42,M,TA,148,244,0,LVH,178,N,0.8,Up,0
62,M,ATA,128,208,1,LVH,140,N,0.0,Up,0
59,M,TA,178,270,0,LVH,145,N,4.2,Down,0
41,F,ATA,126,306,0,Normal,163,N,0.0,Up,0
50,M,ASY,150,243,0,LVH,128,N,2.6,Flat,1
59,M,ATA,140,221,0,Normal,164,Y,0.0,Up,0
61,F,ASY,130,330,0,LVH,169,N,0.0,Up,1
54,M,ASY,124,266,0,LVH,109,Y,2.2,Flat,1
54,M,ASY,110,206,0,LVH,108,Y,0.0,Flat,1
52,M,ASY,125,212,0,Normal,168,N,1.0,Up,1
47,M,ASY,110,275,0,LVH,118,Y,1.0,Flat,1
66,M,ASY,120,302,0,LVH,151,N,0.4,Flat,0
58,M,ASY,100,234,0,Normal,156,N,0.1,Up,1
64,F,NAP,140,313,0,Normal,133,N,0.2,Up,0
50,F,ATA,120,244,0,Normal,162,N,1.1,Up,0
44,F,NAP,108,141,0,Normal,175,N,0.6,Flat,0
67,M,ASY,120,237,0,Normal,71,N,1.0,Flat,1
49,F,ASY,130,269,0,Normal,163,N,0.0,Up,0
57,M,ASY,165,289,1,LVH,124,N,1.0,Flat,1
63,M,ASY,130,254,0,LVH,147,N,1.4,Flat,1
48,M,ASY,124,274,0,LVH,166,N,0.5,Flat,1
51,M,NAP,100,222,0,Normal,143,Y,1.2,Flat,0
60,F,ASY,150,258,0,LVH,157,N,2.6,Flat,1
59,M,ASY,140,177,0,Normal,162,Y,0.0,Up,1
45,F,ATA,112,160,0,Normal,138,N,0.0,Flat,0
55,F,ASY,180,327,0,ST,117,Y,3.4,Flat,1
41,M,ATA,110,235,0,Normal,153,N,0.0,Up,0
60,F,ASY,158,305,0,LVH,161,N,0.0,Up,1
54,F,NAP,135,304,1,Normal,170,N,0.0,Up,0
42,M,ATA,120,295,0,Normal,162,N,0.0,Up,0
49,F,ATA,134,271,0,Normal,162,N,0.0,Flat,0
46,M,ASY,120,249,0,LVH,144,N,0.8,Up,1
56,F,ASY,200,288,1,LVH,133,Y,4.0,Down,1
66,F,TA,150,226,0,Normal,114,N,2.6,Down,0
56,M,ASY,130,283,1,LVH,103,Y,1.6,Down,1
49,M,NAP,120,188,0,Normal,139,N,2.0,Flat,1
54,M,ASY,122,286,0,LVH,116,Y,3.2,Flat,1
57,M,ASY,152,274,0,Normal,88,Y,1.2,Flat,1
65,F,NAP,160,360,0,LVH,151,N,0.8,Up,0
54,M,NAP,125,273,0,LVH,152,N,0.5,Down,0
54,F,NAP,160,201,0,Normal,163,N,0.0,Up,0
62,M,ASY,120,267,0,Normal,99,Y,1.8,Flat,1
52,F,NAP,136,196,0,LVH,169,N,0.1,Flat,0
52,M,ATA,134,201,0,Normal,158,N,0.8,Up,0
60,M,ASY,117,230,1,Normal,160,Y,1.4,Up,1
63,F,ASY,108,269,0,Normal,169,Y,1.8,Flat,1
66,M,ASY,112,212,0,LVH,132,Y,0.1,Up,1
42,M,ASY,140,226,0,Normal,178,N,0.0,Up,0
64,M,ASY,120,246,0,LVH,96,Y,2.2,Down,1
54,M,NAP,150,232,0,LVH,165,N,1.6,Up,0
46,F,NAP,142,177,0,LVH,160,Y,1.4,Down,0
67,F,NAP,152,277,0,Normal,172,N,0.0,Up,0
56,M,ASY,125,249,1,LVH,144,Y,1.2,Flat,1
34,F,ATA,118,210,0,Normal,192,N,0.7,Up,0
57,M,ASY,132,207,0,Normal,168,Y,0.0,Up,0
64,M,ASY,145,212,0,LVH,132,N,2.0,Flat,1
59,M,ASY,138,271,0,LVH,182,N,0.0,Up,0
50,M,NAP,140,233,0,Normal,163,N,0.6,Flat,1
51,M,TA,125,213,0,LVH,125,Y,1.4,Up,0
54,M,ATA,192,283,0,LVH,195,N,0.0,Up,1
53,M,ASY,123,282,0,Normal,95,Y,2.0,Flat,1
52,M,ASY,112,230,0,Normal,160,N,0.0,Up,1
40,M,ASY,110,167,0,LVH,114,Y,2.0,Flat,1
58,M,NAP,132,224,0,LVH,173,N,3.2,Up,1
41,F,NAP,112,268,0,LVH,172,Y,0.0,Up,0
41,M,NAP,112,250,0,Normal,179,N,0.0,Up,0
50,F,NAP,120,219,0,Normal,158,N,1.6,Flat,0
54,F,NAP,108,267,0,LVH,167,N,0.0,Up,0
64,F,ASY,130,303,0,Normal,122,N,2.0,Flat,0
51,F,NAP,130,256,0,LVH,149,N,0.5,Up,0
46,F,ATA,105,204,0,Normal,172,N,0.0,Up,0
55,M,ASY,140,217,0,Normal,111,Y,5.6,Down,1
45,M,ATA,128,308,0,LVH,170,N,0.0,Up,0
56,M,TA,120,193,0,LVH,162,N,1.9,Flat,0
66,F,ASY,178,228,1,Normal,165,Y,1.0,Flat,1
38,M,TA,120,231,0,Normal,182,Y,3.8,Flat,1
62,F,ASY,150,244,0,Normal,154,Y,1.4,Flat,1
55,M,ATA,130,262,0,Normal,155,N,0.0,Up,0
58,M,ASY,128,259,0,LVH,130,Y,3.0,Flat,1
43,M,ASY,110,211,0,Normal,161,N,0.0,Up,0
64,F,ASY,180,325,0,Normal,154,Y,0.0,Up,0
50,F,ASY,110,254,0,LVH,159,N,0.0,Up,0
53,M,NAP,130,197,1,LVH,152,N,1.2,Down,0
45,F,ASY,138,236,0,LVH,152,Y,0.2,Flat,0
65,M,TA,138,282,1,LVH,174,N,1.4,Flat,1
69,M,TA,160,234,1,LVH,131,N,0.1,Flat,0
69,M,NAP,140,254,0,LVH,146,N,2.0,Flat,1
67,M,ASY,100,299,0,LVH,125,Y,0.9,Flat,1
68,F,NAP,120,211,0,LVH,115,N,1.5,Flat,0
34,M,TA,118,182,0,LVH,174,N,0.0,Up,0
62,F,ASY,138,294,1,Normal,106,N,1.9,Flat,1
51,M,ASY,140,298,0,Normal,122,Y,4.2,Flat,1
46,M,NAP,150,231,0,Normal,147,N,3.6,Flat,1
67,M,ASY,125,254,1,Normal,163,N,0.2,Flat,1
50,M,NAP,129,196,0,Normal,163,N,0.0,Up,0
42,M,NAP,120,240,1,Normal,194,N,0.8,Down,0
56,F,ASY,134,409,0,LVH,150,Y,1.9,Flat,1
41,M,ASY,110,172,0,LVH,158,N,0.0,Up,1
42,F,ASY,102,265,0,LVH,122,N,0.6,Flat,0
53,M,NAP,130,246,1,LVH,173,N,0.0,Up,0
43,M,NAP,130,315,0,Normal,162,N,1.9,Up,0
56,M,ASY,132,184,0,LVH,105,Y,2.1,Flat,1
52,M,ASY,108,233,1,Normal,147,N,0.1,Up,0
62,F,ASY,140,394,0,LVH,157,N,1.2,Flat,0
70,M,NAP,160,269,0,Normal,112,Y,2.9,Flat,1
54,M,ASY,140,239,0,Normal,160,N,1.2,Up,0
70,M,ASY,145,174,0,Normal,125,Y,2.6,Down,1
54,M,ATA,108,309,0,Normal,156,N,0.0,Up,0
35,M,ASY,126,282,0,LVH,156,Y,0.0,Up,1
48,M,NAP,124,255,1,Normal,175,N,0.0,Up,0
55,F,ATA,135,250,0,LVH,161,N,1.4,Flat,0
58,F,ASY,100,248,0,LVH,122,N,1.0,Flat,0
54,F,NAP,110,214,0,Normal,158,N,1.6,Flat,0
69,F,TA,140,239,0,Normal,151,N,1.8,Up,0
77,M,ASY,125,304,0,LVH,162,Y,0.0,Up,1
68,M,NAP,118,277,0,Normal,151,N,1.0,Up,0
58,M,ASY,125,300,0,LVH,171,N,0.0,Up,1
60,M,ASY,125,258,0,LVH,141,Y,2.8,Flat,1
51,M,ASY,140,299,0,Normal,173,Y,1.6,Up,1
55,M,ASY,160,289,0,LVH,145,Y,0.8,Flat,1
52,M,TA,152,298,1,Normal,178,N,1.2,Flat,0
60,F,NAP,102,318,0,Normal,160,N,0.0,Up,0
58,M,NAP,105,240,0,LVH,154,Y,0.6,Flat,0
64,M,NAP,125,309,0,Normal,131,Y,1.8,Flat,1
37,M,NAP,130,250,0,Normal,187,N,3.5,Down,0
59,M,TA,170,288,0,LVH,159,N,0.2,Flat,1
51,M,NAP,125,245,1,LVH,166,N,2.4,Flat,0
43,F,NAP,122,213,0,Normal,165,N,0.2,Flat,0
58,M,ASY,128,216,0,LVH,131,Y,2.2,Flat,1
29,M,ATA,130,204,0,LVH,202,N,0.0,Up,0
41,F,ATA,130,204,0,LVH,172,N,1.4,Up,0
63,F,NAP,135,252,0,LVH,172,N,0.0,Up,0
51,M,NAP,94,227,0,Normal,154,Y,0.0,Up,0
54,M,NAP,120,258,0,LVH,147,N,0.4,Flat,0
44,M,ATA,120,220,0,Normal,170,N,0.0,Up,0
54,M,ASY,110,239,0,Normal,126,Y,2.8,Flat,1
65,M,ASY,135,254,0,LVH,127,N,2.8,Flat,1
57,M,NAP,150,168,0,Normal,174,N,1.6,Up,0
63,M,ASY,130,330,1,LVH,132,Y,1.8,Up,1
35,F,ASY,138,183,0,Normal,182,N,1.4,Up,0
41,M,ATA,135,203,0,Normal,132,N,0.0,Flat,0
62,F,NAP,130,263,0,Normal,97,N,1.2,Flat,1
43,F,ASY,132,341,1,LVH,136,Y,3.0,Flat,1
58,F,TA,150,283,1,LVH,162,N,1.0,Up,0
52,M,TA,118,186,0,LVH,190,N,0.0,Flat,0
61,F,ASY,145,307,0,LVH,146,Y,1.0,Flat,1
39,M,ASY,118,219,0,Normal,140,N,1.2,Flat,1
45,M,ASY,115,260,0,LVH,185,N,0.0,Up,0
52,M,ASY,128,255,0,Normal,161,Y,0.0,Up,1
62,M,NAP,130,231,0,Normal,146,N,1.8,Flat,0
62,F,ASY,160,164,0,LVH,145,N,6.2,Down,1
53,F,ASY,138,234,0,LVH,160,N,0.0,Up,0
43,M,ASY,120,177,0,LVH,120,Y,2.5,Flat,1
47,M,NAP,138,257,0,LVH,156,N,0.0,Up,0
52,M,ATA,120,325,0,Normal,172,N,0.2,Up,0
68,M,NAP,180,274,1,LVH,150,Y,1.6,Flat,1
39,M,NAP,140,321,0,LVH,182,N,0.0,Up,0
53,F,ASY,130,264,0,LVH,143,N,0.4,Flat,0
62,F,ASY,140,268,0,LVH,160,N,3.6,Down,1
51,F,NAP,140,308,0,LVH,142,N,1.5,Up,0
60,M,ASY,130,253,0,Normal,144,Y,1.4,Up,1
65,M,ASY,110,248,0,LVH,158,N,0.6,Up,1
65,F,NAP,155,269,0,Normal,148,N,0.8,Up,0
60,M,NAP,140,185,0,LVH,155,N,3.0,Flat,1
60,M,ASY,145,282,0,LVH,142,Y,2.8,Flat,1
54,M,ASY,120,188,0,Normal,113,N,1.4,Flat,1
44,M,ATA,130,219,0,LVH,188,N,0.0,Up,0
44,M,ASY,112,290,0,LVH,153,N,0.0,Up,1
51,M,NAP,110,175,0,Normal,123,N,0.6,Up,0
59,M,NAP,150,212,1,Normal,157,N,1.6,Up,0
71,F,ATA,160,302,0,Normal,162,N,0.4,Up,0
61,M,NAP,150,243,1,Normal,137,Y,1.0,Flat,0
55,M,ASY,132,353,0,Normal,132,Y,1.2,Flat,1
64,M,NAP,140,335,0,Normal,158,N,0.0,Up,1
43,M,ASY,150,247,0,Normal,171,N,1.5,Up,0
58,F,NAP,120,340,0,Normal,172,N,0.0,Up,0
60,M,ASY,130,206,0,LVH,132,Y,2.4,Flat,1
58,M,ATA,120,284,0,LVH,160,N,1.8,Flat,1
49,M,ATA,130,266,0,Normal,171,N,0.6,Up,0
48,M,ATA,110,229,0,Normal,168,N,1.0,Down,1
52,M,NAP,172,199,1,Normal,162,N,0.5,Up,0
44,M,ATA,120,263,0,Normal,173,N,0.0,Up,0
56,F,ATA,140,294,0,LVH,153,N,1.3,Flat,0
57,M,ASY,140,192,0,Normal,148,N,0.4,Flat,0
67,M,ASY,160,286,0,LVH,108,Y,1.5,Flat,1
53,F,NAP,128,216,0,LVH,115,N,0.0,Up,0
52,M,NAP,138,223,0,Normal,169,N,0.0,Up,0
43,M,ASY,132,247,1,LVH,143,Y,0.1,Flat,1
52,M,ASY,128,204,1,Normal,156,Y,1.0,Flat,1
59,M,TA,134,204,0,Normal,162,N,0.8,Up,1
64,M,TA,170,227,0,LVH,155,N,0.6,Flat,0
66,F,NAP,146,278,0,LVH,152,N,0.0,Flat,0
39,F,NAP,138,220,0,Normal,152,N,0.0,Flat,0
57,M,ATA,154,232,0,LVH,164,N,0.0,Up,1
58,F,ASY,130,197,0,Normal,131,N,0.6,Flat,0
57,M,ASY,110,335,0,Normal,143,Y,3.0,Flat,1
47,M,NAP,130,253,0,Normal,179,N,0.0,Up,0
55,F,ASY,128,205,0,ST,130,Y,2.0,Flat,1
35,M,ATA,122,192,0,Normal,174,N,0.0,Up,0
61,M,ASY,148,203,0,Normal,161,N,0.0,Up,1
58,M,ASY,114,318,0,ST,140,N,4.4,Down,1
58,F,ASY,170,225,1,LVH,146,Y,2.8,Flat,1
58,M,ATA,125,220,0,Normal,144,N,0.4,Flat,0
56,M,ATA,130,221,0,LVH,163,N,0.0,Up,0
56,M,ATA,120,240,0,Normal,169,N,0.0,Down,0
67,M,NAP,152,212,0,LVH,150,N,0.8,Flat,1
55,F,ATA,132,342,0,Normal,166,N,1.2,Up,0
44,M,ASY,120,169,0,Normal,144,Y,2.8,Down,1
63,M,ASY,140,187,0,LVH,144,Y,4.0,Up,1
63,F,ASY,124,197,0,Normal,136,Y,0.0,Flat,1
41,M,ATA,120,157,0,Normal,182,N,0.0,Up,0
59,M,ASY,164,176,1,LVH,90,N,1.0,Flat,1
57,F,ASY,140,241,0,Normal,123,Y,0.2,Flat,1
45,M,TA,110,264,0,Normal,132,N,1.2,Flat,1
68,M,ASY,144,193,1,Normal,141,N,3.4,Flat,1
57,M,ASY,130,131,0,Normal,115,Y,1.2,Flat,1
57,F,ATA,130,236,0,LVH,174,N,0.0,Flat,1
38,M,NAP,138,175,0,Normal,173,N,0.0,Up,0
57,M,ASY,121,144,0,Normal,117,Y,1.5,Flat,1
50,M,ATA,117,306,0,Normal,126,N,0.3,Up,0
60,M,ASY,122,317,0,ST,135,N,5.0,Down,1
55,M,ASY,126,1,0,Normal,100,N,0.2,Flat,1
37,M,ATA,118,242,0,Normal,149,N,0.1,Up,0
61,M,ASY,96,1,1,Normal,107,Y,2.4,Down,1
65,M,ASY,156,1,1,ST,129,N,1.3,Flat,1
42,F,ATA,126,201,0,ST,178,N,-0.4,Up,0
67,F,NAP,170,270,0,Normal,165,N,-0.1,Up,0
51,M,ASY,130,180,0,Normal,147,N,0.5,Up,0
45,M,ASY,109,10,0,Normal,141,Y,1.5,Flat,1
45,M,ASY,101,186,0,Normal,164,N,-0.3,Up,0
55,M,ATA,124,242,1,Normal,152,N,0.4,Up,0
51,M,ASY,126,231,0,Normal,137,Y,0.9,Flat,1
61,M,ASY,124,1,0,Normal,137,Y,2.0,Up,0
48,M,ASY,152,301,0,Normal,150,N,0.4,Flat,1
50,F,ATA,127,206,0,Normal,164,N,-0.3,Up,0
47,M,ASY,118,265,0,Normal,131,N,0.5,Flat,0
55,M,ASY,125,254,0,Normal,109,Y,-0.5,Flat,1
61,M,ASY,131,11,0,LVH,118,N,0.2,Flat,1
44,M,ATA,114,217,0,Normal,168,N,0.1,Up,0
70,F,ASY,127,125,0,Normal,118,N,1.4,Flat,0
40,M,ASY,107,324,0,Normal,113,Y,1.1,Down,1
50,M,NAP,146,212,0,Normal,164,N,0.5,Flat,1
62,M,ASY,91,265,0,ST,138,Y,2.4,Flat,1
51,M,NAP,148,227,0,Normal,180,N,-0.3,Up,0
40,M,ASY,122,285,0,Normal,117,N,-0.2,Up,0
55,M,ASY,130,236,1,Normal,122,Y,1.6,Flat,1
39,M,NAP,119,11,0,Normal,121,Y,-0.1,Flat,1
69,M,ASY,148,182,1,Normal,143,N,3.5,Flat,1
58,M,ATA,105,230,0,Normal,137,N,0.7,Up,0
55,M,TA,124,180,0,LVH,155,N,2.0,Flat,0
55,M,ASY,114,3,0,ST,159,N,-0.0,Flat,1
47,F,ATA,105,182,0,Normal,175,N,0.3,Up,0
54,M,NAP,114,1,0,Normal,113,N,0.2,Flat,1
61,M,NAP,188,214,0,Normal,103,N,-0.2,Up,0
58,M,ASY,124,270,0,Normal,140,Y,2.8,Flat,1
54,M,NAP,164,1,0,LVH,137,Y,2.5,Flat,1
49,M,ASY,135,10,0,Normal,43,N,0.1,Flat,1
58,M,ASY,116,185,0,Normal,129,Y,1.7,Flat,0
70,M,ASY,137,315,1,ST,104,Y,1.9,Flat,1
42,M,ATA,123,288,0,Normal,151,N,0.5,Up,0
64,M,ASY,156,214,1,ST,102,Y,-0.2,Flat,1
66,M,ATA,159,248,0,Normal,135,Y,0.3,Flat,1
49,M,ASY,128,279,0,Normal,127,N,1.1,Flat,0
61,F,ASY,128,355,0,LVH,175,N,0.3,Up,1
51,M,ASY,138,185,0,Normal,140,N,-0.1,Up,0
65,M,ASY,152,1,1,ST,122,N,1.1,Flat,1
57,M,NAP,138,288,0,Normal,129,Y,1.3,Up,0
46,M,ASY,128,290,0,Normal,112,N,0.1,Flat,1
40,M,ATA,133,189,0,Normal,114,N,-0.3,Up,0
59,M,ASY,127,224,0,LVH,138,Y,2.7,Flat,1
50,M,ASY,172,263,0,ST,120,Y,1.8,Flat,1
62,M,ATA,131,143,0,ST,136,N,0.2,Up,0
56,M,ASY,139,17,1,ST,149,Y,0.8,Flat,1
60,M,NAP,202,11,1,ST,88,N,0.1,Flat,1
38,M,ASY,102,255,0,Normal,147,N,0.2,Flat,1
66,F,ATA,142,183,0,Normal,192,N,-0.6,Up,0
44,M,ASY,119,259,0,Normal,126,Y,1.1,Flat,1
56,M,NAP,178,231,0,Normal,136,N,0.2,Up,0
67,M,ASY,147,192,0,Normal,115,Y,1.8,Down,1
62,M,ASY,97,1,1,Normal,110,N,-0.8,Flat,1
69,M,NAP,153,283,0,LVH,123,N,0.5,Up,0
35,M,TA,125,129,0,Normal,181,N,0.2,Flat,1
45,M,ASY,131,196,0,ST,137,N,0.3,Up,0
49,F,NAP,146,237,0,Normal,148,N,1.9,Flat,0
56,F,ASY,119,363,0,Normal,173,Y,0.2,Up,0
38,M,ATA,116,213,0,Normal,115,N,-0.6,Up,0
57,M,ATA,107,219,1,ST,173,N,0.8,Up,0
60,M,ASY,142,2,1,ST,130,Y,1.3,Down,1
39,M,NAP,163,144,0,Normal,146,N,0.4,Up,0
54,M,ASY,123,197,1,Normal,97,N,1.2,Flat,1
45,M,NAP,150,1,0,Normal,110,Y,1.3,Flat,1
65,M,ASY,116,5,1,ST,116,N,1.5,Flat,1
42,M,ASY,143,234,0,Normal,175,N,-0.3,Up,0
52,M,NAP,146,164,0,Normal,161,N,2.0,Flat,1
46,M,ASY,118,251,0,LVH,118,Y,1.2,Flat,1
64,M,NAP,144,315,0,Normal,163,N,0.6,Up,1
78,M,ASY,113,179,0,ST,114,Y,1.9,Up,1
59,M,ASY,106,259,1,Normal,153,Y,1.1,Up,1
59,M,ASY,118,321,0,ST,143,N,4.1,Down,1
44,M,NAP,119,228,0,Normal,159,N,-0.1,Up,0
38,M,NAP,118,343,0,Normal,172,N,0.8,Up,0
51,M,ASY,122,159,0,Normal,157,N,0.3,Flat,1
47,M,ASY,121,232,0,Normal,176,N,0.4,Flat,1
59,M,ATA,117,224,0,Normal,146,N,0.3,Flat,0
63,M,ASY,119,233,0,LVH,97,Y,2.2,Down,1
63,M,ASY,134,327,1,LVH,136,Y,2.0,Up,1
58,M,ASY,173,278,1,LVH,130,N,0.8,Flat,1
62,F,ASY,150,333,0,LVH,135,Y,0.9,Flat,1
60,M,TA,171,284,0,LVH,161,N,-0.0,Flat,1
58,M,ASY,126,461,1,Normal,68,N,0.8,Down,0
52,M,NAP,111,206,0,Normal,137,N,0.0,Up,0
45,M,ASY,100,193,0,LVH,158,Y,2.7,Flat,0
38,M,ASY,128,4,1,Normal,170,N,1.7,Up,1
38,F,ATA,128,189,0,Normal,169,N,0.1,Up,0
37,M,ASY,135,192,0,Normal,187,N,-0.1,Up,1
53,F,ASY,122,210,0,ST,119,Y,1.7,Flat,1
65,M,ASY,151,243,1,ST,101,Y,1.5,Flat,1
58,F,TA,151,243,0,Normal,178,N,0.7,Up,0
43,M,ATA,109,221,0,Normal,171,N,0.0,Up,0
65,M,NAP,157,209,0,ST,126,Y,1.6,Flat,1
55,M,ASY,132,211,0,LVH,101,Y,1.7,Flat,1
53,M,ASY,115,318,0,ST,85,Y,1.8,Flat,1
59,M,NAP,123,1,0,Normal,71,Y,-0.0,Flat,1
54,M,ATA,105,322,0,Normal,154,N,0.1,Up,0
59,M,ASY,99,10,1,Normal,100,Y,1.2,Up,1
39,F,ASY,167,401,0,Normal,132,N,2.4,Flat,1
60,M,ASY,128,55,0,LVH,102,Y,1.5,Down,1
32,M,ATA,127,320,0,LVH,181,N,-0.1,Up,0
54,F,NAP,125,297,0,Normal,131,N,-0.2,Up,0
54,M,NAP,112,231,0,Normal,153,Y,1.4,Flat,1
58,M,ASY,135,202,0,Normal,139,Y,2.6,Down,1
52,M,ASY,138,242,0,Normal,93,Y,2.1,Flat,1
52,M,ASY,130,269,0,Normal,162,Y,-0.0,Up,1
40,F,ATA,112,192,0,Normal,182,N,-0.2,Up,0
58,M,ASY,100,8,0,Normal,105,N,0.7,Up,1
57,M,ASY,135,203,0,Normal,173,Y,-0.2,Up,0
53,F,NAP,114,212,0,Normal,159,N,1.8,Flat,0
65,M,ASY,154,259,1,Normal,117,Y,2.2,Flat,1
45,M,TA,114,263,0,Normal,140,N,0.3,Up,0
65,M,ASY,147,292,0,ST,112,Y,1.0,Flat,1
46,M,ASY,151,291,0,Normal,111,Y,1.9,Flat,1
61,M,ASY,98,228,0,ST,116,N,-0.1,Up,0
66,M,ASY,143,293,1,ST,104,Y,1.2,Flat,1
58,M,NAP,157,135,1,Normal,166,N,0.1,Up,0
45,M,NAP,143,236,0,Normal,164,N,-0.1,Up,0
50,M,ATA,137,131,0,Normal,133,Y,-0.4,Up,0
55,M,NAP,125,1,1,Normal,91,N,-2.2,Flat,1
49,M,ASY,142,303,0,Normal,180,Y,1.6,Up,1
38,M,NAP,124,351,0,Normal,178,N,-0.4,Up,0
42,M,ASY,129,202,0,ST,136,Y,0.8,Flat,1
51,M,ASY,144,1,1,Normal,146,Y,1.2,Flat,1
32,M,ATA,136,249,0,Normal,153,N,-0.6,Up,0
62,M,ASY,140,265,0,ST,113,Y,0.9,Flat,1
60,F,ASY,144,385,0,LVH,152,N,0.8,Flat,0
55,F,ATA,134,252,1,Normal,141,N,-0.3,Up,0
33,M,ASY,117,258,0,Normal,149,Y,1.4,Flat,1
59,F,ASY,141,216,0,ST,127,Y,1.7,Flat,1
62,M,ATA,124,242,0,Normal,183,N,1.0,Up,0
52,M,ASY,136,1,1,Normal,101,N,0.5,Flat,1
62,F,ASY,85,10,1,Normal,148,N,1.4,Down,1
54,M,ATA,114,256,0,LVH,174,N,2.2,Flat,1
77,M,NAP,107,126,0,LVH,114,N,3.0,Down,1
61,M,NAP,133,1,0,ST,96,Y,-0.1,Flat,1
50,F,ASY,146,305,0,Normal,148,Y,1.4,Flat,1
44,M,ASY,135,198,0,Normal,138,N,0.3,Up,0
61,F,ASY,137,332,0,LVH,167,N,0.6,Up,1
48,M,ASY,149,330,0,Normal,106,Y,2.2,Flat,1
52,M,ASY,134,239,0,Normal,154,Y,0.3,Up,1
54,M,NAP,125,191,0,ST,125,N,1.1,Up,0
39,F,ATA,121,259,0,ST,139,N,0.0,Up,0
36,M,NAP,170,157,1,Normal,157,N,-0.1,Up,0
50,F,ASY,165,254,0,Normal,151,Y,1.1,Flat,1
48,F,ASY,110,203,0,Normal,185,N,1.7,Up,0
67,F,NAP,137,263,0,LVH,177,N,0.0,Up,0
61,M,ASY,140,306,0,ST,102,Y,1.1,Flat,1
52,F,ASY,125,325,0,Normal,115,Y,0.8,Flat,0
47,M,ASY,122,185,0,LVH,187,N,-0.0,Up,0
51,M,ASY,117,273,0,ST,111,Y,3.3,Flat,0
57,M,NAP,172,202,0,Normal,100,N,0.4,Up,0
43,F,NAP,112,253,0,Normal,151,N,-0.0,Flat,0
62,M,ASY,102,209,0,ST,104,N,0.7,Up,0
39,M,ASY,120,341,0,Normal,117,Y,3.1,Flat,1
60,M,ASY,118,1,0,Normal,133,N,1.1,Up,1
43,M,ASY,146,326,0,LVH,141,Y,-0.6,Flat,1
49,M,ASY,105,251,0,LVH,110,Y,0.8,Flat,1
64,F,ATA,152,240,0,Normal,179,N,0.4,Up,0
43,M,ASY,108,256,0,Normal,152,N,0.1,Up,0
51,M,NAP,122,278,1,LVH,152,N,2.4,Flat,0
58,M,ASY,144,203,0,Normal,159,Y,0.1,Up,1
62,M,NAP,135,241,1,Normal,149,Y,0.5,Flat,0
60,F,ASY,124,317,0,ST,120,Y,1.0,Flat,0
50,M,ASY,136,253,0,Normal,162,Y,0.5,Up,1
48,M,ASY,126,1,0,Normal,43,N,0.4,Flat,1
53,F,ATA,149,246,0,Normal,146,Y,2.0,Flat,0
63,M,NAP,127,23,1,Normal,144,N,2.9,Up,1
62,M,ASY,117,266,0,Normal,94,Y,1.4,Flat,1
58,M,ATA,132,226,0,Normal,111,N,-0.3,Up,0
47,M,ASY,109,1,1,ST,134,N,-1.9,Flat,1
48,F,ATA,176,259,0,Normal,172,N,0.2,Up,0
42,M,ATA,127,217,0,Normal,158,N,-0.1,Up,0
71,M,ASY,138,179,0,Normal,119,Y,1.4,Flat,1
35,F,ASY,96,252,0,Normal,148,Y,0.7,Flat,1
46,M,NAP,124,219,0,Normal,137,N,0.2,Up,0
33,F,TA,173,208,0,ST,169,N,0.1,Up,0
63,F,ASY,133,202,0,Normal,143,Y,0.0,Flat,1
60,M,TA,111,251,0,ST,140,Y,0.9,Flat,1
57,M,NAP,170,17,0,ST,145,Y,1.6,Flat,0
56,F,ATA,131,191,0,Normal,137,Y,1.8,Flat,0
57,M,ASY,127,251,0,LVH,111,Y,1.9,Flat,1
42,M,NAP,149,192,0,Normal,155,N,0.4,Up,0
48,F,ATA,127,157,0,Normal,159,N,0.8,Up,0
62,M,ASY,175,36,1,LVH,132,Y,0.7,Flat,1
43,F,ASY,138,339,0,Normal,133,N,0.2,Up,0
60,M,ATA,138,273,0,Normal,156,N,0.9,Up,0
53,M,ASY,109,326,0,ST,110,Y,1.0,Flat,1
50,F,NAP,132,302,0,LVH,147,N,1.6,Up,0
44,M,ATA,141,232,0,Normal,124,N,-0.1,Up,0
54,F,ATA,112,278,1,LVH,149,Y,0.5,Up,0
55,F,ATA,126,278,0,Normal,144,N,0.8,Flat,0
63,M,ASY,126,186,1,LVH,141,Y,0.4,Flat,1
63,M,NAP,127,1,0,ST,113,Y,0.3,Flat,1
47,M,ASY,144,211,0,Normal,102,N,-0.3,Flat,1
50,F,ASY,132,280,0,Normal,98,Y,1.4,Flat,1
50,M,NAP,135,213,0,Normal,157,N,0.8,Flat,1
46,M,ASY,159,277,0,Normal,102,Y,1.5,Flat,1
52,F,ATA,135,279,1,LVH,175,Y,-0.5,Up,0
49,M,ASY,136,302,0,Normal,166,Y,1.1,Up,1
54,M,ASY,145,245,0,Normal,102,Y,2.2,Flat,1
49,F,NAP,123,232,0,Normal,136,N,1.5,Flat,0
58,M,ASY,151,310,0,ST,120,Y,1.2,Flat,1
54,F,ATA,133,252,1,LVH,159,Y,-0.3,Up,0
54,M,ATA,114,205,1,ST,173,N,0.8,Up,0
34,M,ATA,148,265,0,Normal,165,N,-0.1,Up,0
72,M,ASY,135,38,1,Normal,151,Y,2.0,Flat,1
43,M,NAP,173,108,0,Normal,148,N,-0.3,Up,0
56,F,ATA,138,214,0,Normal,163,Y,2.2,Flat,0
60,M,NAP,111,29,1,Normal,147,N,3.1,Up,1
41,M,ATA,159,252,0,Normal,135,N,-0.3,Up,0
74,M,NAP,134,233,1,Normal,89,N,0.6,Flat,1
69,M,ASY,132,7,0,ST,93,Y,1.7,Flat,1
59,M,TA,170,292,0,LVH,165,N,0.2,Flat,1
40,M,NAP,134,271,0,Normal,165,N,0.1,Up,0
51,M,NAP,137,169,0,Normal,146,N,2.1,Flat,1
45,F,ASY,149,324,0,Normal,154,N,0.6,Up,0
38,F,ASY,103,239,0,Normal,150,Y,1.2,Flat,1
66,M,ASY,133,138,0,ST,103,Y,1.8,Up,1
35,M,ASY,123,218,0,Normal,170,N,-0.1,Up,0
56,M,NAP,128,206,0,LVH,149,N,0.7,Flat,1
54,M,ASY,130,141,0,Normal,107,Y,0.9,Flat,1
54,M,ASY,124,215,1,ST,99,N,0.0,Flat,1
47,M,ATA,101,184,1,Normal,163,N,1.0,Up,0
76,M,ASY,150,268,1,ST,126,Y,3.1,Down,1
44,M,TA,115,241,0,Normal,136,N,1.3,Flat,1
54,M,ASY,146,175,0,ST,141,N,0.1,Up,0
56,M,NAP,133,306,1,ST,128,Y,1.6,Flat,1
62,M,ASY,159,320,0,Normal,133,Y,0.9,Flat,1
51,M,NAP,99,1,0,Normal,105,N,0.0,Flat,1
48,F,NAP,131,220,0,ST,133,N,-0.1,Up,0
53,M,ASY,160,264,0,Normal,80,N,2.1,Flat,1
50,F,NAP,121,234,0,Normal,148,N,1.4,Flat,0
70,F,ATA,113,271,0,LVH,112,Y,0.9,Up,0
36,F,NAP,90,166,0,Normal,178,N,-0.1,Up,0
57,M,NAP,163,195,1,ST,177,N,0.5,Up,0
53,M,ATA,128,222,1,Normal,156,N,1.8,Flat,0
53,F,ATA,115,360,0,ST,164,N,0.3,Up,0
59,M,ASY,106,240,0,LVH,129,Y,2.0,Down,1
48,M,ATA,165,253,0,Normal,131,N,0.1,Up,0
59,M,NAP,190,1,1,ST,71,N,-0.4,Flat,1
52,M,NAP,117,13,0,Normal,111,N,-0.3,Flat,1
59,M,ASY,133,294,0,LVH,168,N,0.6,Up,1
47,M,ASY,125,188,0,Normal,131,Y,2.5,Down,1
32,M,TA,111,178,0,LVH,174,N,0.2,Up,0
42,F,NAP,116,231,0,ST,144,N,-0.3,Up,0
53,M,NAP,121,253,1,LVH,166,N,2.8,Flat,0
52,M,ASY,120,6,1,Normal,113,N,-0.2,Flat,1
60,F,ASY,143,300,0,LVH,151,Y,0.7,Flat,1
47,M,ATA,144,268,0,Normal,174,N,-0.2,Up,0
58,F,ASY,139,318,0,ST,115,Y,0.8,Flat,0
49,M,ATA,99,252,0,Normal,170,N,0.1,Up,0
39,M,ATA,136,300,0,Normal,160,N,0.0,Up,0
53,M,ASY,116,1,1,Normal,118,N,-0.4,Flat,1
59,F,ASY,161,307,0,LVH,162,N,-0.0,Up,1
59,M,NAP,153,245,1,ST,106,N,-0.4,Flat,1
51,F,NAP,112,231,0,ST,139,N,0.2,Up,0
61,M,NAP,203,2,1,ST,63,N,0.3,Flat,1
60,M,NAP,134,322,0,Normal,108,Y,1.0,Flat,0
53,M,ASY,138,189,1,LVH,153,Y,3.2,Down,1
55,M,ATA,101,211,1,ST,186,N,1.0,Up,0
65,F,ASY,179,234,1,Normal,163,Y,0.9,Flat,1
61,M,ASY,148,17,0,ST,103,Y,0.2,Flat,1
40,M,ASY,102,182,0,LVH,113,Y,2.2,Flat,1
63,M,ASY,132,249,0,LVH,188,N,-0.4,Up,0
56,M,ASY,151,320,1,ST,115,Y,1.4,Flat,1
64,F,NAP,132,250,0,LVH,185,N,-0.2,Up,0
50,F,ATA,116,190,0,Normal,139,N,-0.2,Up,0
49,F,NAP,156,335,0,LVH,148,N,1.4,Up,0
59,M,NAP,153,155,1,Normal,171,N,0.5,Up,0
61,M,ASY,143,286,0,ST,117,Y,1.9,Flat,1
54,M,ASY,121,257,0,Normal,120,Y,2.3,Flat,1
46,M,ASY,115,312,0,Normal,134,N,1.1,Flat,0
61,M,NAP,109,246,1,Normal,138,N,2.1,Flat,1
35,F,ATA,126,225,0,Normal,200,N,-0.1,Up,0
63,M,TA,142,255,1,LVH,185,N,1.5,Flat,1
49,M,ASY,139,271,0,ST,143,Y,4.2,Flat,1
49,M,ASY,131,293,0,ST,153,N,-0.5,Up,0
45,F,ATA,186,285,0,Normal,181,N,-0.1,Up,0
45,M,ASY,98,215,0,Normal,134,Y,2.1,Flat,1
55,M,ASY,153,227,0,Normal,113,Y,2.3,Flat,1
63,M,ASY,119,257,0,Normal,101,Y,0.7,Flat,0
64,M,ASY,148,280,0,Normal,103,Y,4.2,Down,1
57,M,TA,127,186,0,Normal,141,N,1.9,Up,0
55,M,ASY,142,1,0,ST,99,Y,1.0,Flat,1
55,M,ASY,123,182,1,ST,129,Y,1.6,Flat,1
55,M,NAP,119,228,0,LVH,141,N,0.2,Up,0
55,F,ASY,134,263,0,Normal,105,Y,1.2,Flat,1
60,F,ASY,119,297,0,ST,96,Y,0.8,Flat,0
53,M,NAP,166,99,1,Normal,186,N,-0.3,Up,0
39,M,ASY,113,185,0,Normal,148,Y,1.0,Flat,1
64,F,ASY,149,321,0,LVH,139,Y,0.6,Flat,1
40,M,ASY,134,300,0,Normal,126,Y,1.9,Flat,1
57,M,ASY,126,1,0,ST,89,N,0.4,Up,1
56,M,ASY,162,266,1,LVH,119,N,0.3,Flat,1
58,F,ASY,128,197,0,Normal,125,N,0.2,Flat,0
37,M,ASY,115,284,0,Normal,127,N,-0.2,Up,0
60,F,ATA,127,306,1,Normal,124,Y,-0.0,Up,0
65,F,ASY,153,384,0,LVH,173,N,1.0,Flat,0
53,M,NAP,139,229,0,Normal,176,N,-0.1,Up,0
71,M,TA,149,211,1,ST,144,N,-0.0,Up,0
60,M,ASY,111,4,0,LVH,103,Y,1.0,Down,1
58,M,ASY,125,174,0,Normal,169,Y,-0.2,Up,0
51,M,ATA,131,242,0,Normal,121,N,-0.1,Up,0
75,M,ASY,152,299,1,ST,125,Y,3.9,Down,1
53,M,NAP,126,219,1,LVH,163,N,2.4,Flat,0
64,M,ASY,166,264,1,Normal,119,Y,2.1,Flat,1
75,M,ASY,162,198,1,ST,117,N,0.2,Flat,1
53,M,ASY,120,204,1,Normal,113,Y,1.8,Flat,1
63,M,NAP,140,288,0,Normal,113,Y,0.7,Flat,1
39,M,ATA,106,258,0,Normal,151,N,0.4,Up,0
70,M,ASY,139,195,1,Normal,129,N,3.5,Flat,1
37,M,ASY,142,341,0,Normal,159,N,-0.3,Up,0
59,M,ASY,143,268,1,ST,162,Y,2.1,Flat,1
60,M,ASY,180,1,1,ST,103,Y,0.4,Flat,1
52,F,ATA,116,271,0,Normal,122,N,0.6,Up,0
70,M,ASY,147,253,1,ST,113,Y,1.9,Flat,1
32,M,ATA,110,263,0,Normal,142,N,0.4,Flat,1
58,M,ATA,116,292,0,Normal,100,N,-0.4,Up,0
59,M,TA,145,243,0,Normal,143,N,2.6,Flat,1
56,M,ASY,149,290,0,LVH,115,Y,0.5,Flat,1
55,M,NAP,144,215,0,Normal,182,N,0.1,Up,0
56,M,ASY,166,255,0,Normal,71,N,2.6,Flat,1
49,M,ASY,129,253,0,Normal,125,Y,2.1,Flat,1
63,M,ASY,133,346,1,Normal,94,Y,1.2,Flat,1
59,M,ASY,148,301,0,LVH,180,N,-0.4,Up,0
58,M,ASY,142,297,0,ST,127,Y,2.1,Flat,1
49,F,ATA,123,245,0,Normal,172,N,1.3,Up,0
57,M,NAP,136,4,1,Normal,109,N,-1.8,Flat,1
65,M,ASY,119,237,0,ST,144,Y,1.9,Flat,1
56,F,ASY,186,298,0,ST,136,Y,3.5,Flat,1
43,F,ASY,109,231,0,ST,105,N,-0.3,Up,0
60,M,ASY,158,177,1,LVH,107,N,1.1,Flat,1
60,M,ASY,122,180,1,ST,146,Y,0.1,Flat,1
71,M,ASY,146,1,1,Normal,168,Y,1.9,Flat,1
45,F,NAP,121,208,0,Normal,170,N,-0.2,Flat,0
43,M,NAP,144,1,0,Normal,125,Y,-0.1,Flat,1
41,M,ASY,103,1,1,Normal,139,Y,-1.6,Down,1
61,M,ASY,108,1,0,Normal,124,Y,1.7,Up,0
44,M,NAP,138,251,0,LVH,155,N,-0.1,Up,0
60,M,NAP,137,114,1,Normal,156,N,0.2,Up,0
54,M,ASY,148,319,1,ST,127,Y,2.1,Flat,1
57,M,ASY,153,122,0,ST,143,N,0.1,Up,0
54,F,ATA,125,304,0,ST,158,N,0.1,Up,0
56,F,ATA,127,273,0,Normal,173,N,1.7,Flat,0
63,M,ASY,127,2,1,Normal,91,N,2.8,Flat,1
66,M,NAP,127,8,0,ST,108,N,-0.3,Up,0
71,M,NAP,133,210,0,Normal,112,Y,1.9,Flat,1
58,M,NAP,142,108,1,Normal,179,N,0.4,Up,0
54,M,NAP,173,1,0,LVH,120,Y,1.7,Flat,1
48,F,ASY,133,218,0,Normal,131,Y,1.7,Flat,0
65,M,ASY,150,266,0,Normal,122,Y,2.1,Flat,1
55,M,ATA,102,202,0,Normal,131,N,0.1,Up,0
41,M,ASY,111,272,0,Normal,124,N,-0.5,Up,0
65,M,NAP,143,262,0,LVH,151,N,1.2,Flat,1
58,M,NAP,115,226,0,LVH,166,N,2.3,Flat,1
42,M,ATA,120,215,0,Normal,139,N,0.2,Up,0
68,M,ASY,153,223,1,ST,106,Y,1.1,Flat,1
40,M,NAP,160,162,0,Normal,145,N,0.8,Up,0
62,F,ASY,132,300,1,Normal,113,N,1.4,Flat,1
60,M,NAP,110,234,0,LVH,164,N,2.5,Flat,1
70,M,ASY,104,2,0,ST,105,Y,-0.7,Flat,1
59,M,ASY,153,201,1,Normal,119,Y,1.0,Flat,1
53,M,ASY,136,159,1,LVH,132,Y,0.9,Flat,1
50,M,ATA,130,270,0,Normal,165,N,1.4,Down,1
48,M,ASY,135,300,1,Normal,130,Y,-0.1,Up,0
64,M,ASY,133,240,0,Normal,155,N,0.9,Flat,0
55,M,ASY,140,265,0,Normal,111,Y,1.6,Flat,1
46,M,NAP,142,216,0,Normal,149,N,0.5,Flat,1
57,M,TA,123,166,0,Normal,151,N,1.9,Up,0
53,F,ATA,120,249,1,Normal,141,N,0.2,Up,0
48,M,ATA,139,275,0,Normal,164,N,0.1,Up,0
60,F,TA,125,293,0,Normal,109,N,1.3,Flat,0
55,M,ASY,143,212,0,Normal,107,N,0.1,Up,0
44,M,NAP,159,44,0,Normal,112,Y,1.2,Flat,1
56,M,NAP,180,215,0,Normal,105,N,-0.3,Up,0
56,F,ATA,177,429,0,Normal,125,Y,1.1,Flat,1
55,F,NAP,129,218,0,Normal,151,N,2.2,Flat,0
49,F,ASY,101,168,0,Normal,192,N,1.4,Up,0
60,M,ASY,142,171,0,Normal,165,Y,0.2,Up,1
48,F,ASY,154,322,0,Normal,147,Y,1.2,Flat,1
48,F,ATA,127,495,0,Normal,120,N,0.5,Up,0
62,M,ASY,122,1,1,Normal,70,Y,-0.2,Flat,1
63,F,ASY,175,318,0,Normal,138,Y,0.0,Up,0
49,F,ASY,124,272,0,ST,107,N,0.2,Up,0
47,M,ASY,112,237,0,ST,138,N,-0.3,Up,0
66,M,ASY,108,251,0,Normal,131,N,1.4,Up,1
58,M,NAP,126,20,0,Normal,103,N,-0.5,Flat,0
57,M,ATA,143,282,1,Normal,138,N,0.5,Up,0
47,M,ASY,122,268,0,Normal,120,Y,1.2,Flat,1
60,M,ASY,120,264,0,Normal,137,Y,3.3,Flat,1
52,M,ASY,123,158,0,Normal,153,N,0.1,Flat,1
56,M,NAP,157,1,0,ST,100,N,0.4,Flat,1
45,F,NAP,150,256,0,Normal,169,N,0.3,Up,0
53,M,ASY,195,199,0,Normal,143,Y,1.7,Flat,1
59,M,ATA,134,265,0,LVH,160,N,0.7,Flat,1
50,M,ASY,132,1,0,Normal,51,N,0.1,Flat,1
36,M,ATA,123,246,0,Normal,158,N,2.7,Flat,1
45,F,ATA,117,210,0,Normal,170,N,0.2,Up,0
34,M,NAP,129,1,0,Normal,133,Y,0.3,Flat,1
59,F,ASY,131,274,1,Normal,104,N,2.3,Flat,1
45,M,NAP,118,218,1,Normal,180,N,0.6,Up,0
52,M,ASY,132,222,0,ST,136,Y,2.4,Flat,1
43,M,ATA,133,179,0,Normal,127,N,0.6,Up,0
60,M,NAP,169,214,0,Normal,98,N,0.5,Up,0
64,M,TA,134,315,1,LVH,186,N,1.9,Flat,1
48,M,NAP,93,244,0,Normal,139,N,-0.0,Up,0
53,M,ASY,142,263,0,Normal,171,Y,1.1,Up,1
58,M,ASY,136,6,0,Normal,95,N,0.9,Flat,1
59,M,TA,158,268,0,LVH,157,N,0.2,Flat,1
56,M,ASY,149,179,1,LVH,173,Y,3.5,Down,1
45,M,ASY,132,307,0,LVH,143,Y,-0.2,Flat,1
48,M,ASY,151,25,1,Normal,131,Y,1.0,Flat,1
55,M,ASY,114,112,0,Normal,119,Y,0.6,Flat,1
51,M,ASY,153,152,0,Normal,116,Y,-0.1,Flat,1
55,M,ASY,136,325,1,ST,142,Y,2.0,Flat,1
55,F,ATA,112,234,0,Normal,171,N,1.2,Flat,1
68,M,ASY,113,287,0,LVH,154,N,0.8,Flat,0
68,M,ASY,120,1,0,Normal,97,Y,-0.4,Flat,1
55,F,ASY,98,250,0,LVH,118,N,1.2,Flat,0
56,M,ASY,141,224,0,ST,144,Y,2.9,Up,1
54,M,ASY,140,200,1,Normal,106,N,2.3,Flat,1
38,M,ASY,124,312,0,Normal,145,N,0.2,Up,0
60,M,ASY,141,281,0,ST,109,Y,1.3,Flat,1
58,M,TA,128,11,1,LVH,132,N,-1.2,Flat,1
52,M,ASY,146,234,0,ST,151,Y,5.6,Flat,1
49,M,ASY,143,194,0,LVH,123,Y,1.2,Flat,1
61,M,ASY,148,8,1,ST,81,N,2.0,Flat,1
59,M,NAP,186,17,1,ST,70,N,-0.6,Flat,1
64,M,ASY,137,1,1,ST,77,N,0.4,Flat,1
64,M,ASY,133,253,0,LVH,134,N,1.6,Flat,1
59,M,ASY,139,287,1,LVH,125,Y,0.1,Flat,1
55,F,ATA,121,208,1,Normal,138,N,-0.7,Up,0
48,M,ATA,168,299,0,Normal,181,N,0.2,Up,0
65,M,ASY,141,1,1,ST,71,N,1.5,Flat,1
50,M,NAP,92,220,0,Normal,154,Y,0.5,Up,0
58,M,ASY,112,1,1,Normal,112,N,1.5,Flat,1
53,F,ASY,124,349,0,Normal,134,Y,1.0,Flat,1
73,M,NAP,151,227,1,Normal,84,N,0.3,Flat,1
69,M,ASY,153,359,0,Normal,105,Y,2.0,Flat,1
36,F,TA,122,153,0,ST,186,N,0.5,Up,0
58,M,ASY,142,218,0,LVH,125,Y,2.2,Flat,1
59,M,ATA,118,223,0,Normal,147,N,0.0,Up,0
47,M,ATA,142,204,0,Normal,123,N,-0.1,Up,0
71,M,ASY,163,215,0,LVH,105,Y,1.6,Flat,1
56,M,ATA,123,222,0,LVH,171,N,0.6,Up,0
48,M,ATA,102,159,0,Normal,106,N,-0.2,Up,0
69,F,NAP,106,585,0,LVH,159,N,1.8,Flat,0
52,M,ASY,136,629,1,Normal,127,Y,0.7,Flat,1
38,M,ASY,128,219,0,Normal,161,N,-0.7,Up,0
72,M,NAP,162,16,0,LVH,127,N,1.7,Flat,0
44,F,ASY,117,319,1,LVH,153,Y,3.1,Flat,1
64,M,ASY,112,317,0,LVH,152,N,0.4,Flat,0
44,M,ASY,115,1,1,ST,170,N,1.6,Up,1
44,M,ASY,122,198,0,LVH,181,N,0.1,Up,0
73,M,ASY,138,306,1,Normal,102,Y,2.1,Down,0
57,M,ASY,138,287,0,LVH,124,Y,2.7,Flat,1
69,M,ASY,141,4,1,Normal,155,Y,1.5,Flat,1
33,M,ATA,123,234,0,LVH,220,N,-0.1,Up,0
58,F,ATA,128,264,0,Normal,148,N,1.2,Flat,1
64,F,NAP,141,299,0,LVH,145,N,0.1,Flat,0
60,M,ASY,132,258,0,LVH,175,N,-0.3,Up,0
45,F,ASY,141,248,0,LVH,161,Y,0.0,Flat,0
31,M,ATA,139,258,0,Normal,163,N,0.3,Up,0
65,M,ASY,158,13,1,ST,63,N,0.3,Flat,1
68,M,ASY,123,242,0,Normal,56,N,1.0,Flat,1
57,F,ATA,140,304,1,LVH,143,N,0.5,Up,1
53,M,ASY,126,18,1,Normal,118,N,-0.4,Flat,1
64,F,TA,140,261,0,Normal,120,N,3.0,Down,0
54,M,NAP,125,225,0,Normal,151,Y,2.1,Flat,1
65,M,ASY,154,1,0,ST,114,Y,0.4,Flat,1
45,M,ASY,143,234,0,Normal,160,N,-0.1,Up,0
62,M,ATA,138,214,0,Normal,164,Y,0.4,Up,0
63,M,ASY,144,184,0,LVH,144,Y,3.9,Up,1
54,M,NAP,131,257,1,LVH,168,N,-0.8,Up,0
50,M,ASY,120,255,0,Normal,148,N,-0.0,Flat,1
43,M,ASY,133,242,1,LVH,131,Y,0.3,Flat,1
67,M,ASY,145,206,0,ST,128,Y,2.3,Flat,1
61,M,ASY,144,310,0,ST,104,Y,1.2,Flat,1
58,M,ASY,129,187,1,LVH,149,Y,0.4,Flat,1
63,M,ATA,153,246,0,Normal,140,N,1.3,Up,0
39,M,NAP,120,216,0,LVH,181,N,1.0,Flat,0
51,F,ATA,124,247,0,Normal,156,N,0.6,Up,0
54,M,ASY,168,266,0,LVH,159,Y,1.2,Flat,1
42,M,ASY,123,206,1,Normal,135,Y,0.9,Flat,1
51,M,ATA,113,338,0,Normal,159,N,0.6,Up,0
56,F,ATA,100,287,0,Normal,160,N,1.0,Flat,0
59,F,NAP,131,245,0,LVH,183,N,-0.0,Up,0
55,M,ASY,126,6,0,ST,141,N,0.2,Flat,1
45,F,ATA,121,205,0,Normal,161,N,-0.0,Up,0
52,F,ATA,141,262,0,LVH,154,N,1.0,Flat,0
38,M,ATA,121,320,0,LVH,179,N,-0.8,Up,0
47,M,ASY,114,156,0,LVH,149,Y,3.5,Flat,0
66,F,ASY,104,218,0,Normal,139,N,0.4,Up,0
61,F,ASY,99,10,1,Normal,130,N,1.5,Down,1
47,M,ASY,129,1,1,Normal,115,N,1.8,Up,1
50,M,ASY,152,300,0,Normal,179,Y,1.8,Up,1
51,M,ASY,116,237,0,Normal,110,N,-0.1,Flat,1
51,M,ASY,146,217,0,Normal,137,Y,0.2,Up,0
63,F,ASY,207,30,0,Normal,133,Y,1.5,Flat,1
39,M,ASY,104,140,0,Normal,129,Y,2.5,Flat,1
58,M,TA,144,198,1,ST,111,N,2.2,Down,1
46,M,ASY,108,271,0,LVH,109,Y,0.5,Flat,1
58,M,ASY,134,202,0,LVH,136,Y,2.4,Flat,1
53,M,NAP,137,190,1,LVH,152,N,1.5,Down,0
67,F,NAP,152,242,0,Normal,150,N,0.5,Up,0
72,M,NAP,147,225,0,Normal,102,Y,2.5,Flat,1
62,M,ASY,139,3,1,Normal,74,N,3.0,Flat,1
53,M,ATA,125,222,0,Normal,142,N,0.6,Up,0
63,M,ASY,111,28,1,Normal,106,Y,1.8,Up,1
37,M,TA,140,155,0,Normal,183,N,-0.3,Flat,1
50,M,ASY,120,228,0,Normal,154,N,-0.6,Flat,1
42,M,NAP,124,231,0,Normal,186,N,0.5,Up,0
46,F,ATA,119,240,0,Normal,120,N,-0.5,Up,0
52,M,ASY,162,320,0,Normal,79,Y,3.1,Flat,1
40,F,NAP,122,204,0,Normal,151,N,0.2,Up,0
47,M,ASY,170,205,0,Normal,100,Y,3.0,Flat,1
57,M,ASY,131,220,0,Normal,176,N,1.4,Up,0
54,M,ASY,137,160,0,Normal,130,Y,0.2,Flat,1
49,M,ASY,125,271,0,LVH,162,N,0.4,Flat,1
59,M,ASY,166,204,1,Normal,131,Y,1.5,Flat,1
40,M,ASY,122,16,1,Normal,171,N,2.1,Up,1
59,M,ASY,115,295,0,ST,135,Y,4.1,Down,1
47,F,ATA,129,331,0,ST,161,N,1.8,Up,0
46,M,ATA,141,301,0,LVH,179,N,0.5,Up,0
61,M,ASY,106,287,0,Normal,112,Y,-0.5,Flat,0
41,M,TA,132,172,0,Normal,179,Y,1.6,Up,0
51,M,NAP,160,195,0,Normal,189,N,0.3,Up,0
34,M,ASY,123,505,0,Normal,127,N,-0.3,Flat,1
30,F,ASY,129,183,0,Normal,169,N,1.7,Up,0
60,F,ASY,140,292,0,LVH,149,N,3.6,Down,1
60,M,ASY,111,240,0,ST,152,Y,1.8,Flat,1
54,M,NAP,144,198,1,ST,121,Y,2.1,Flat,1
57,M,NAP,165,122,1,Normal,174,N,-0.2,Up,0
63,M,ASY,133,319,0,Normal,134,Y,2.3,Flat,1
50,F,ASY,126,295,0,Normal,138,Y,0.5,Flat,1
49,F,ATA,130,190,0,Normal,158,N,0.1,Up,0
48,M,ATA,104,202,0,Normal,172,N,1.0,Down,1
49,M,ASY,132,1,0,Normal,59,N,-0.2,Flat,1
54,M,ASY,130,324,1,ST,131,Y,1.6,Flat,1
59,M,NAP,92,242,0,LVH,157,Y,0.6,Flat,0
56,M,ASY,133,214,0,Normal,107,Y,0.9,Flat,0
49,F,ASY,99,188,0,Normal,163,N,2.2,Up,0
65,M,ASY,133,211,0,ST,116,N,0.7,Flat,0
62,M,ASY,122,486,1,Normal,93,N,1.1,Down,0
32,M,ATA,85,253,0,Normal,196,N,-0.2,Up,0
46,F,ASY,112,206,0,Normal,109,Y,1.9,Flat,1
35,F,ASY,126,143,0,ST,179,N,0.1,Up,0
38,M,TA,135,245,0,Normal,178,Y,1.3,Up,0
46,M,NAP,136,263,1,Normal,168,N,0.4,Up,0
51,M,NAP,125,191,1,LVH,142,N,1.2,Down,0
61,M,ASY,148,311,0,ST,110,Y,1.8,Flat,1
59,M,ASY,110,212,0,Normal,121,N,-0.5,Flat,1
65,F,ASY,150,251,0,LVH,121,N,1.3,Flat,1
64,F,TA,143,213,0,Normal,106,N,2.4,Down,0
55,M,ASY,130,6,0,LVH,132,Y,0.6,Flat,1
58,M,ASY,150,149,0,LVH,125,Y,3.6,Down,1
51,F,NAP,141,321,0,LVH,137,N,1.7,Up,0
71,M,NAP,158,1,0,LVH,115,N,1.9,Flat,0
58,M,ASY,142,261,0,Normal,95,Y,3.2,Flat,1
70,M,ASY,153,171,0,Normal,128,Y,2.6,Down,1
56,M,ASY,127,155,0,Normal,119,Y,0.9,Flat,1
43,F,ATA,146,169,0,Normal,149,N,0.3,Up,0
64,M,NAP,131,16,0,ST,107,Y,0.4,Flat,1
57,M,ASY,139,207,0,Normal,153,Y,-0.0,Up,1
54,M,NAP,143,184,0,Normal,110,N,0.7,Up,0
46,F,NAP,131,218,0,ST,134,N,-0.1,Up,0
32,M,ATA,125,213,0,LVH,209,N,-0.5,Up,0
59,M,NAP,142,126,1,Normal,162,N,-0.4,Up,0
52,M,ASY,117,1,0,LVH,137,Y,0.4,Flat,1
56,M,ASY,137,191,0,Normal,117,Y,5.5,Down,1
43,F,NAP,125,179,0,Normal,110,N,-0.1,Up,0
48,M,ASY,134,86,0,Normal,133,N,0.2,Up,0
38,M,ASY,130,308,0,Normal,163,N,-0.0,Flat,1
47,M,ATA,107,260,0,Normal,178,N,0.3,Up,0
50,F,NAP,140,206,0,ST,120,N,0.0,Up,0
55,M,ASY,136,1,1,Normal,175,N,-0.7,Up,1
56,M,ASY,150,186,0,Normal,94,N,-0.2,Up,0
58,M,ASY,124,253,0,Normal,150,Y,1.9,Up,1
59,M,ASY,120,313,0,Normal,148,Y,1.5,Flat,0
57,M,ASY,136,202,0,Normal,105,N,1.6,Flat,1
49,F,ATA,164,211,0,Normal,166,N,-0.1,Up,0
62,F,ASY,141,384,0,LVH,157,N,1.5,Flat,0
73,M,ASY,142,209,0,ST,135,Y,2.0,Flat,1
48,M,NAP,105,251,0,Normal,152,Y,0.0,Up,0
38,F,ATA,129,299,0,Normal,154,N,-0.1,Up,0
54,M,ASY,126,1,0,ST,96,N,0.8,Up,1
42,M,ASY,107,28,0,Normal,146,Y,2.0,Flat,1
63,M,ASY,116,293,0,ST,102,Y,0.7,Up,0
52,M,ASY,143,320,0,Normal,118,Y,1.1,Flat,1
42,M,ASY,111,224,0,ST,139,Y,1.0,Flat,0
62,M,ASY,145,28,0,Normal,106,Y,-0.1,Flat,1
51,F,ATA,115,215,0,Normal,154,N,0.2,Up,0
65,M,ASY,155,263,1,ST,111,Y,2.8,Flat,1
70,F,ASY,106,152,0,Normal,134,N,1.7,Flat,0
53,M,ATA,100,198,0,Normal,140,N,0.0,Up,0
59,M,ASY,158,1,1,ST,113,Y,0.1,Flat,1
52,F,ATA,108,193,0,Normal,146,N,0.1,Up,0
59,M,ASY,135,404,1,LVH,139,N,0.4,Up,0
59,F,ASY,159,240,0,Normal,157,Y,1.4,Flat,1
39,M,ASY,94,87,0,Normal,144,Y,3.0,Flat,1
71,F,NAP,162,1,0,ST,127,N,0.1,Up,1
54,F,ATA,114,195,1,Normal,136,N,0.9,Up,0
48,M,NAP,93,239,0,Normal,149,Y,0.0,Up,0
53,M,ASY,143,243,0,Normal,134,Y,2.3,Flat,1
58,F,ASY,156,264,0,LVH,151,N,2.3,Flat,1
53,F,NAP,129,222,0,ST,156,N,0.5,Up,0
73,M,NAP,129,213,0,Normal,85,Y,0.8,Flat,1
64,M,ASY,134,282,0,Normal,90,Y,4.2,Down,1
49,F,ASY,166,3,1,Normal,126,N,-0.1,Flat,1
59,M,ASY,128,130,0,LVH,100,Y,2.3,Flat,1
54,M,ASY,100,1,1,Normal,170,N,0.0,Flat,1
48,F,ATA,122,293,0,Normal,123,N,-0.3,Up,0
49,M,NAP,130,288,1,Normal,175,N,-0.1,Up,0
53,M,ASY,155,399,0,ST,122,N,1.5,Up,0
63,M,TA,123,1,1,LVH,134,N,-0.6,Flat,1
52,M,NAP,102,1,0,Normal,130,N,-0.5,Flat,1
40,F,NAP,106,237,0,LVH,184,Y,0.4,Up,0
61,M,ASY,136,488,1,Normal,71,N,0.7,Down,0
57,M,TA,163,293,0,LVH,116,N,0.3,Up,1
52,M,ATA,136,272,0,ST,137,Y,1.2,Flat,1
53,M,ATA,149,219,0,Normal,163,N,0.2,Up,0
54,M,ASY,123,234,0,Normal,180,N,0.6,Flat,1
39,M,ATA,135,313,0,Normal,185,N,-0.3,Up,0
53,M,ASY,169,196,0,LVH,121,Y,3.2,Down,1
60,M,ASY,197,296,1,LVH,148,Y,2.4,Down,1
55,M,NAP,127,269,0,Normal,140,Y,0.8,Up,0
67,M,ASY,122,244,0,LVH,121,Y,2.3,Flat,1
52,F,NAP,161,217,0,Normal,163,N,-0.1,Up,0
66,M,ASY,122,308,0,LVH,117,Y,1.8,Flat,1
59,M,ASY,128,215,0,Normal,93,N,-0.5,Up,0
56,M,ASY,110,23,1,Normal,89,N,0.2,Flat,1
60,M,ASY,132,33,0,Normal,109,Y,0.5,Flat,1
75,F,ATA,162,287,0,Normal,173,N,0.9,Up,0
62,F,ASY,159,239,0,Normal,169,Y,1.6,Flat,1
69,M,ASY,137,7,1,Normal,158,Y,2.7,Flat,1
74,M,NAP,132,247,1,Normal,92,N,0.2,Flat,1
63,M,ASY,153,1,1,ST,73,N,1.9,Flat,1
52,M,ASY,117,264,0,LVH,127,Y,1.4,Down,1
58,M,ASY,129,271,0,Normal,136,Y,2.1,Flat,1
44,M,NAP,128,247,0,Normal,143,N,0.1,Up,0
47,M,ASY,138,210,0,Normal,123,Y,1.4,Flat,1
63,M,ATA,121,208,1,ST,125,Y,0.9,Flat,1
51,M,ASY,157,266,0,Normal,101,Y,1.7,Flat,1
59,M,NAP,150,218,1,Normal,136,Y,1.4,Flat,0
52,M,ASY,134,1,0,Normal,57,N,-0.1,Flat,1
67,M,ATA,167,216,0,Normal,116,Y,0.6,Flat,1
63,M,ASY,157,250,0,Normal,126,Y,1.2,Flat,1
40,M,NAP,140,243,0,Normal,174,N,0.1,Up,0
60,M,NAP,103,234,0,LVH,167,Y,0.2,Flat,0
61,M,ASY,119,218,0,ST,87,N,0.6,Up,0
60,M,ASY,129,269,0,LVH,152,N,0.8,Flat,1
40,M,ASY,124,1,1,Normal,171,N,-0.5,Flat,1
60,M,ASY,148,4,1,ST,72,N,1.8,Flat,1
46,M,ASY,112,289,0,LVH,111,Y,1.5,Flat,1
53,F,ATA,119,432,0,Normal,119,N,0.3,Up,0
42,F,ASY,122,311,0,Normal,142,N,0.0,Up,0
68,F,ATA,152,269,0,Normal,168,N,0.8,Up,0
54,F,ASY,116,262,0,LVH,138,N,0.4,Flat,0
69,M,ATA,163,222,0,LVH,148,N,0.1,Up,0
35,M,ASY,97,29,1,ST,125,N,0.6,Up,1
59,M,ASY,134,108,0,Normal,112,Y,1.1,Flat,1
33,M,TA,84,1,1,Normal,136,N,0.4,Up,1
31,M,ASY,132,532,0,Normal,129,N,0.2,Flat,1
52,M,ASY,130,196,1,ST,119,Y,1.4,Flat,1
62,M,ASY,141,251,0,ST,113,Y,1.5,Flat,1
54,M,ASY,130,293,0,Normal,71,Y,2.4,Flat,1
61,M,ASY,112,45,0,Normal,132,N,-0.1,Up,0
43,M,ASY,136,205,0,Normal,186,N,0.0,Up,0
57,F,ATA,121,267,0,Normal,145,N,1.1,Flat,1
51,F,NAP,163,324,0,LVH,138,N,1.6,Up,0
59,M,ASY,142,240,0,ST,125,Y,2.6,Flat,1
45,M,ASY,125,312,0,LVH,140,N,0.1,Up,1
60,M,ATA,150,257,1,Normal,150,N,-0.1,Up,0
39,M,ATA,143,240,0,Normal,177,N,0.2,Up,0
60,M,ASY,102,8,1,Normal,103,N,1.8,Flat,1
59,M,ASY,128,29,0,Normal,128,Y,2.3,Up,0
44,M,NAP,148,172,0,Normal,146,N,0.3,Up,0
45,M,ATA,133,207,0,Normal,145,N,-0.5,Up,0
65,M,ASY,122,278,0,LVH,135,N,-0.5,Flat,0
55,M,NAP,99,1,0,Normal,96,N,0.4,Flat,0
66,F,NAP,152,308,0,Normal,153,N,1.0,Up,0
52,F,NAP,130,244,0,Normal,144,N,-0.0,Up,0
56,M,ASY,118,1,0,Normal,162,N,0.2,Flat,1
49,F,NAP,116,233,0,Normal,146,N,2.3,Flat,0
46,F,NAP,123,266,0,Normal,139,N,0.7,Up,0
58,M,ASY,110,1,0,Normal,131,Y,2.3,Up,0
42,F,ATA,139,288,0,Normal,134,N,0.7,Up,0
65,F,NAP,152,286,0,Normal,170,N,-0.3,Up,0
59,M,NAP,147,235,1,Normal,132,Y,0.2,Flat,0
32,M,ASY,128,506,0,Normal,106,N,0.2,Flat,1
46,M,NAP,113,267,0,Normal,178,N,0.4,Up,0
56,M,ASY,135,184,0,LVH,108,Y,2.5,Flat,1
52,M,ASY,201,226,0,Normal,130,Y,2.2,Flat,1
53,M,ASY,168,303,0,ST,124,Y,1.4,Flat,1
45,M,ASY,139,237,0,Normal,167,N,1.3,Up,0
44,M,ASY,180,270,0,ST,117,N,-0.3,Up,0
57,M,ASY,138,262,0,Normal,111,Y,1.2,Down,1
42,F,ATA,130,213,0,Normal,184,N,-0.3,Up,0
48,M,ATA,86,121,0,Normal,94,N,0.6,Up,0
61,M,ASY,75,259,0,Normal,116,N,0.5,Flat,1
49,M,NAP,124,147,0,LVH,135,N,0.7,Up,1
51,F,NAP,119,198,0,Normal,157,N,0.9,Flat,0
52,F,NAP,139,299,0,ST,99,Y,0.1,Flat,1
51,M,ASY,103,1,1,Normal,98,N,-0.0,Flat,1
59,M,ASY,125,224,0,Normal,112,Y,1.2,Down,1
37,M,ATA,197,225,0,Normal,102,N,-0.3,Up,0
53,M,NAP,121,1,1,Normal,100,N,-2.0,Flat,1
55,M,ATA,107,207,0,Normal,130,N,-0.2,Up,0
59,M,ASY,130,1,1,ST,132,Y,1.1,Down,1
52,M,ASY,129,255,0,Normal,116,N,2.7,Flat,1
67,M,NAP,152,222,0,LVH,157,N,0.9,Flat,1
53,M,ASY,148,297,0,LVH,190,Y,0.2,Up,0
37,M,NAP,116,225,0,Normal,155,Y,1.3,Flat,0
38,M,NAP,101,239,0,Normal,166,N,-0.3,Up,0
55,M,ASY,144,35,1,ST,147,Y,1.0,Flat,1
64,M,ASY,143,191,0,Normal,152,N,0.9,Up,1
51,M,ASY,140,1,1,Normal,139,Y,0.6,Flat,1
66,F,ASY,129,317,0,Normal,103,N,2.1,Flat,0
57,M,ASY,179,1,1,LVH,108,Y,-0.3,Flat,1
62,M,ASY,138,258,1,ST,126,Y,0.5,Flat,1
59,M,NAP,130,225,0,ST,143,N,-0.3,Flat,1
63,M,ASY,170,202,0,Normal,81,Y,3.3,Down,1
69,M,NAP,119,295,0,Normal,144,N,1.2,Up,0
65,F,ASY,131,251,0,LVH,105,N,1.6,Flat,1
62,M,ASY,125,1,1,Normal,110,Y,1.9,Down,1
61,M,NAP,119,1,0,Normal,77,Y,-0.8,Flat,1
60,M,ASY,137,500,1,Normal,81,N,0.6,Down,0
58,M,NAP,126,177,1,ST,121,Y,1.9,Flat,1
48,M,ASY,106,1,1,Normal,92,N,0.1,Flat,1
56,M,NAP,136,327,1,ST,111,Y,1.7,Flat,1
67,F,NAP,152,449,1,LVH,154,N,0.6,Up,0
59,M,NAP,145,130,1,Normal,174,N,0.5,Up,0
51,M,NAP,111,20,0,Normal,112,N,-0.2,Flat,1
56,M,NAP,110,1,1,Normal,139,N,2.5,Up,1
47,M,NAP,126,243,0,Normal,182,N,0.1,Up,0
49,M,NAP,136,220,0,LVH,168,N,-0.1,Up,0
62,M,ASY,140,279,0,Normal,141,Y,1.7,Flat,1
52,M,ASY,125,230,0,LVH,195,Y,-0.1,Up,0
40,M,ASY,99,146,0,LVH,163,N,0.7,Up,1
49,F,NAP,114,230,0,Normal,169,Y,2.4,Up,0
63,M,ASY,131,208,0,LVH,139,Y,4.4,Up,1
38,M,ASY,104,277,0,Normal,148,N,-0.3,Flat,1
58,M,NAP,167,11,0,ST,138,Y,1.0,Flat,0
58,F,NAP,154,212,0,Normal,167,N,0.4,Up,0
58,F,ASY,111,329,1,ST,160,N,0.3,Flat,1
59,M,ASY,132,170,0,Normal,149,N,0.4,Flat,0
47,M,NAP,128,160,0,LVH,133,N,0.7,Up,1
54,M,ASY,128,224,0,Normal,163,N,0.5,Up,1
54,M,ATA,141,338,0,Normal,169,N,0.3,Up,0
63,F,ASY,132,274,0,LVH,168,N,4.0,Down,1
65,M,ATA,127,194,1,ST,133,Y,1.0,Flat,1
57,M,NAP,146,14,0,ST,100,N,-0.3,Flat,1
54,F,ATA,113,468,0,Normal,133,N,0.4,Up,0
61,M,NAP,147,175,0,LVH,148,N,2.8,Flat,1
70,F,TA,147,233,0,Normal,153,N,2.4,Up,0
47,M,ASY,133,1,0,Normal,109,N,-0.0,Up,0
58,M,ATA,124,248,0,Normal,139,N,-0.1,Up,0
53,M,ASY,122,258,0,LVH,120,Y,3.2,Flat,1
58,M,NAP,147,223,1,Normal,127,Y,0.9,Flat,0
60,M,ASY,108,190,0,LVH,97,N,0.4,Up,0
44,M,ATA,141,301,0,Normal,144,N,0.3,Up,0
54,M,ASY,106,21,1,Normal,98,N,0.4,Flat,1
44,F,ASY,130,308,1,LVH,137,Y,3.1,Flat,1
51,M,NAP,112,27,1,ST,111,Y,0.8,Down,1
63,F,ASY,96,296,0,Normal,162,Y,1.8,Flat,1
35,M,ATA,105,234,0,Normal,145,N,-0.1,Flat,1
65,M,ASY,142,319,0,Normal,104,Y,2.4,Flat,1
53,M,ASY,128,1,1,Normal,138,N,0.4,Flat,1
46,M,ASY,117,244,0,Normal,111,N,-0.0,Flat,1
62,M,TA,143,314,1,LVH,165,N,1.1,Flat,1
59,M,ASY,145,1,0,ST,109,Y,1.5,Flat,1
65,F,NAP,164,395,0,LVH,160,N,0.8,Up,0
49,M,ASY,133,179,0,Normal,141,N,-0.0,Up,0
76,M,ASY,151,251,1,ST,119,Y,4.5,Down,1
59,M,NAP,123,310,0,Normal,127,Y,0.8,Flat,0
65,M,ASY,117,200,0,Normal,137,N,0.3,Up,0
31,M,ASY,137,296,0,Normal,158,Y,1.4,Flat,1
32,M,TA,96,19,1,Normal,134,N,0.2,Up,1
51,M,ASY,114,233,0,ST,114,Y,3.1,Flat,0
61,M,ASY,121,299,0,ST,154,Y,3.7,Down,1
46,M,ASY,99,10,1,ST,135,N,1.9,Up,1
53,M,ASY,110,67,0,Normal,113,Y,1.3,Flat,1
65,M,ASY,126,232,0,Normal,100,Y,3.8,Down,1
49,M,ATA,96,180,0,Normal,118,N,-0.3,Up,0
48,M,ASY,137,1,1,Normal,134,N,0.1,Flat,1
68,M,NAP,139,228,1,Normal,161,Y,-0.1,Up,0
45,M,ASY,126,1,0,Normal,114,N,0.5,Up,1
49,M,ASY,101,7,1,ST,144,N,2.9,Up,1
69,F,NAP,111,562,0,LVH,153,N,1.5,Flat,0
55,M,ATA,147,295,0,Normal,149,N,0.2,Up,0
61,F,ASY,145,445,0,LVH,166,N,4.3,Flat,1
69,M,ASY,128,241,0,ST,113,Y,-0.0,Flat,1
66,M,ASY,144,299,1,Normal,86,Y,1.6,Flat,1
44,M,ASY,119,1,0,Normal,126,N,0.5,Up,1
59,M,ASY,117,7,1,ST,69,N,-0.9,Up,1
58,M,ASY,143,180,1,Normal,98,N,1.3,Flat,1
69,M,ASY,144,295,1,ST,101,Y,1.6,Flat,1
45,F,NAP,139,208,0,Normal,143,N,2.0,Flat,0
40,F,ATA,130,305,0,Normal,158,N,-0.7,Up,0
48,M,ASY,148,306,0,Normal,87,Y,2.0,Flat,1
55,M,ASY,113,201,1,ST,102,N,0.8,Flat,1
73,M,ASY,143,291,1,ST,132,Y,4.1,Down,1
53,F,NAP,118,273,0,Normal,137,N,0.2,Up,0
39,M,NAP,139,239,0,Normal,191,N,0.4,Up,0
28,M,ATA,135,164,0,LVH,195,N,-0.5,Up,0
64,M,ASY,160,1,0,Normal,91,Y,2.3,Flat,1
58,M,TA,172,297,0,LVH,157,N,0.1,Flat,1
42,M,NAP,116,232,0,Normal,148,Y,2.3,Flat,0
34,M,NAP,103,255,0,Normal,179,N,-0.1,Up,0
57,M,ASY,111,4,1,Normal,92,N,0.3,Flat,1
60,M,TA,142,207,1,ST,115,N,1.4,Down,1
57,F,ATA,161,338,0,Normal,129,N,0.8,Up,0
46,M,ATA,127,216,0,Normal,159,N,0.8,Down,1
45,F,ASY,140,224,0,Normal,170,N,0.4,Up,0
53,M,ASY,116,177,0,LVH,96,N,0.2,Up,0
59,M,ASY,170,1,1,LVH,122,Y,0.1,Flat,1
53,M,ASY,150,15,1,ST,135,Y,1.6,Flat,1
35,M,ASY,119,144,0,Normal,140,Y,1.4,Flat,1
62,M,ASY,129,1,0,Normal,58,Y,-0.4,Up,1
52,F,ASY,132,332,0,LVH,170,N,0.4,Up,0
49,M,ATA,143,238,0,Normal,110,N,-0.2,Up,0
51,M,ATA,131,256,0,Normal,116,N,0.4,Up,0
42,M,ATA,160,255,0,Normal,161,Y,3.1,Flat,1
47,F,ASY,139,182,0,Normal,109,Y,1.9,Flat,1
43,F,ASY,118,326,0,Normal,162,N,0.3,Up,0
39,F,ATA,130,247,0,Normal,148,N,-0.9,Up,0
50,M,NAP,96,229,0,Normal,156,Y,0.2,Up,0
59,M,NAP,163,1,0,ST,114,N,-0.1,Flat,1
46,M,ATA,147,270,0,Normal,124,N,0.4,Up,0
49,M,ASY,152,1,1,Normal,126,Y,0.9,Flat,1
76,M,ASY,161,147,1,LVH,124,N,1.7,Flat,1
50,M,ASY,133,255,0,LVH,133,Y,0.8,Flat,1
63,M,NAP,169,223,0,Normal,87,N,-0.3,Up,0
61,M,ASY,155,228,0,Normal,153,Y,2.8,Down,1
47,M,NAP,140,202,0,Normal,183,N,-0.6,Up,0
62,M,ASY,113,1,1,Normal,129,N,1.2,Flat,1
47,M,ASY,122,203,0,LVH,166,N,-0.5,Up,1
53,F,NAP,148,287,0,LVH,145,N,1.0,Up,0
54,M,ASY,125,263,0,Normal,151,N,0.0,Up,0
63,M,NAP,193,13,1,ST,74,N,0.2,Flat,1
41,M,ASY,119,30,1,Normal,124,Y,-1.5,Down,1
62,M,ASY,154,1,0,Normal,77,Y,1.8,Flat,1
55,M,ATA,137,312,0,Normal,157,N,-0.3,Up,0
51,M,NAP,130,161,0,Normal,150,N,1.9,Flat,1
58,M,ASY,112,322,0,Normal,144,Y,2.7,Flat,1
63,F,ASY,137,396,0,LVH,137,N,4.0,Flat,1
57,F,ATA,126,287,0,Normal,148,N,0.5,Flat,1
38,F,NAP,112,219,0,Normal,170,N,0.2,Up,0
52,M,NAP,133,299,1,LVH,146,Y,0.4,Flat,1
69,M,NAP,114,286,0,Normal,164,N,1.1,Up,0
62,M,ASY,128,281,1,LVH,131,N,0.3,Flat,1
54,M,ASY,124,290,1,ST,141,Y,2.1,Flat,1
53,M,ASY,125,11,0,Normal,91,N,0.3,Flat,1
47,M,TA,125,235,0,Normal,155,N,-0.7,Up,0
40,M,ASY,141,180,0,ST,123,N,1.8,Flat,1
45,F,TA,103,237,0,Normal,149,N,0.4,Up,0
47,M,ATA,170,210,0,ST,127,N,0.2,Up,0
59,M,NAP,127,294,0,LVH,123,N,0.6,Up,0
46,F,ATA,149,286,0,Normal,139,N,1.6,Up,0
55,M,ASY,151,241,0,Normal,120,Y,2.6,Flat,1
55,M,ATA,109,223,0,Normal,150,N,-0.1,Up,0
42,M,ATA,115,250,0,Normal,118,N,-0.3,Up,0
39,M,ASY,159,1,1,Normal,113,Y,0.5,Flat,1
65,M,ASY,137,204,0,Normal,130,N,0.3,Up,0
43,M,ASY,141,256,1,Normal,129,Y,-0.2,Up,0
60,M,ASY,113,247,1,LVH,133,N,-0.3,Flat,1
52,M,ATA,145,111,0,Normal,116,Y,0.1,Up,0
44,M,ASY,105,315,0,LVH,151,N,0.6,Up,1
65,M,ASY,140,1,1,ST,73,N,1.0,Flat,1
58,M,ASY,121,1,0,Normal,125,N,0.9,Up,1
53,M,ATA,142,322,0,Normal,163,N,0.4,Up,0
65,M,ASY,156,263,1,ST,85,Y,2.1,Flat,1
48,M,NAP,135,250,0,Normal,155,N,0.6,Flat,1
46,F,ATA,121,353,0,Normal,120,N,-0.0,Up,0
65,M,TA,139,278,1,Normal,125,N,2.4,Up,1
45,M,ASY,103,275,0,LVH,158,N,0.2,Up,1
63,M,ASY,138,266,0,ST,121,Y,1.7,Flat,1
53,M,NAP,123,251,0,LVH,148,N,0.1,Flat,0
59,M,ASY,143,1,0,ST,131,Y,0.7,Flat,1
56,F,ASY,119,347,1,ST,127,Y,1.6,Flat,1
35,M,ASY,148,216,0,Normal,118,Y,1.7,Flat,1
35,M,NAP,108,200,0,Normal,182,N,-0.1,Up,0
39,M,NAP,136,275,0,Normal,189,N,-0.4,Up,0
46,M,ASY,129,295,0,Normal,130,N,0.4,Flat,1
58,M,ASY,141,175,0,Normal,152,Y,0.4,Up,1
57,F,ASY,132,218,0,ST,144,Y,1.3,Flat,1
62,M,ASY,119,270,0,ST,146,Y,2.5,Flat,1
54,M,ATA,114,266,0,Normal,167,N,-0.1,Down,0
62,F,ASY,135,339,0,LVH,162,N,0.1,Up,1
55,M,ASY,118,21,0,Normal,133,N,1.4,Up,1
55,F,NAP,146,188,0,Normal,154,N,0.6,Up,0
58,M,ASY,150,240,0,Normal,118,N,0.4,Up,0
32,M,ATA,98,243,0,Normal,179,N,0.1,Up,0
55,M,ASY,131,285,0,Normal,175,Y,-0.5,Up,1
47,M,ASY,125,189,0,LVH,185,N,-0.7,Up,0
69,M,ASY,147,1,1,ST,80,N,1.0,Flat,1
59,M,ASY,106,16,1,Normal,88,N,0.5,Flat,1
57,M,ASY,167,1,1,Normal,149,N,0.1,Flat,1
49,M,NAP,106,159,0,LVH,132,N,0.7,Up,1
46,F,ASY,107,184,0,Normal,180,N,1.8,Up,0
38,M,ASY,115,454,1,Normal,161,Y,0.8,Flat,1
56,M,ASY,135,208,0,Normal,107,Y,6.0,Down,1
62,F,ATA,143,277,1,Normal,121,Y,0.1,Up,0
34,F,ASY,147,173,0,Normal,192,N,1.3,Up,0
62,M,ASY,142,272,0,LVH,136,Y,3.7,Flat,1
53,F,NAP,146,294,0,LVH,147,N,1.0,Up,0
63,M,ASY,130,238,0,Normal,142,Y,1.6,Up,1
59,M,NAP,123,208,0,ST,142,N,-0.4,Flat,1
57,F,ATA,158,306,0,Normal,131,N,-0.1,Up,0
70,M,ATA,143,37,1,ST,117,N,1.4,Up,1
53,F,ATA,154,304,0,Normal,128,N,0.3,Up,0
59,M,NAP,143,291,0,Normal,124,Y,1.2,Flat,1
54,M,ASY,124,274,0,LVH,115,Y,3.1,Flat,1
36,M,ASY,127,195,0,Normal,143,Y,1.4,Flat,1
58,M,NAP,92,206,0,LVH,162,Y,0.2,Flat,0
62,M,ASY,153,239,0,LVH,113,Y,1.0,Up,1
56,M,ATA,113,212,0,Normal,172,N,0.9,Up,0
40,M,NAP,142,325,0,LVH,175,N,0.2,Up,0
51,M,ASY,146,321,0,Normal,189,Y,1.6,Up,1
47,M,NAP,128,221,0,LVH,148,N,-0.1,Up,0
44,M,ATA,119,204,0,Normal,136,N,0.4,Up,0
62,M,ASY,123,1,1,Normal,111,Y,2.4,Down,1
57,F,ATA,133,389,0,LVH,148,N,0.5,Up,0
60,M,ATA,151,254,0,LVH,156,N,0.1,Up,1
59,M,NAP,133,202,1,LVH,159,N,0.5,Up,0
63,M,ASY,116,266,0,Normal,95,Y,1.7,Flat,1
52,M,NAP,110,266,0,Normal,144,Y,1.4,Flat,1
51,F,NAP,137,229,0,Normal,171,Y,2.4,Up,0
55,M,ASY,114,231,0,Normal,116,Y,0.3,Flat,1
54,M,NAP,147,226,0,Normal,165,N,-0.1,Up,0
33,F,ASY,97,229,0,Normal,151,Y,0.6,Flat,1
56,M,ASY,102,214,0,LVH,113,Y,-0.1,Flat,1
66,M,ASY,127,285,0,ST,112,Y,0.8,Flat,1
61,M,NAP,109,291,0,Normal,127,Y,1.6,Flat,0
51,F,ATA,119,248,0,Normal,152,N,1.4,Up,0
56,M,ASY,129,309,1,ST,157,Y,1.7,Flat,1
70,F,TA,147,250,0,Normal,151,N,1.4,Up,0
51,M,ASY,115,328,1,ST,148,Y,1.7,Flat,1
72,M,NAP,153,231,0,Normal,102,Y,1.6,Flat,1
42,F,ATA,131,195,0,Normal,154,N,-0.1,Up,0
49,M,ASY,180,242,0,Normal,113,Y,1.9,Flat,1
51,F,ASY,120,311,0,Normal,104,Y,0.7,Flat,0
42,M,ATA,128,131,0,Normal,187,N,0.8,Up,0
45,M,ASY,138,162,0,Normal,90,Y,1.2,Flat,1
31,M,TA,101,1,1,Normal,115,N,0.2,Up,1
66,M,ASY,124,292,0,Normal,131,Y,2.6,Flat,1
68,M,ASY,127,216,0,ST,137,Y,2.5,Flat,1
53,F,ATA,125,232,0,Normal,159,N,-0.1,Flat,0
62,M,NAP,133,1,1,ST,118,Y,1.3,Flat,1
46,F,ATA,123,246,0,Normal,178,N,0.1,Up,0
62,M,ASY,125,212,0,Normal,127,Y,1.3,Down,1
61,M,ASY,106,290,0,ST,151,Y,3.5,Down,1
45,M,ASY,143,1,0,Normal,111,Y,-0.9,Flat,1
41,M,ASY,131,335,0,Normal,111,Y,2.7,Flat,1
67,M,ASY,153,381,0,Normal,116,Y,2.5,Flat,1
47,M,ASY,125,237,0,Normal,124,Y,1.7,Flat,1
67,M,TA,139,183,1,ST,142,N,0.1,Up,0
57,M,ASY,108,197,0,ST,112,N,-0.3,Up,0
58,M,ASY,123,76,0,Normal,153,N,0.1,Up,0
52,M,ASY,141,279,0,Normal,142,Y,2.2,Flat,1
58,M,ASY,149,149,0,Normal,148,N,0.2,Up,0
58,M,ASY,114,1,0,LVH,103,Y,0.6,Down,1
50,M,ATA,170,201,0,ST,115,N,1.1,Up,0
48,M,ASY,110,1,1,ST,147,N,2.5,Up,1
69,F,ATA,158,282,0,Normal,150,N,0.3,Up,0
42,M,ASY,132,454,0,Normal,147,N,-0.3,Flat,1
43,M,ASY,111,182,0,LVH,164,N,0.3,Up,1
52,M,NAP,155,194,1,ST,157,N,0.5,Up,0
59,F,NAP,122,227,0,Normal,107,N,1.2,Flat,1
68,M,ASY,152,376,0,Normal,105,Y,2.1,Flat,1
55,F,NAP,122,316,0,ST,85,Y,-0.0,Flat,1
50,F,ATA,138,228,0,Normal,150,Y,2.1,Flat,0
53,M,ASY,121,274,0,Normal,85,Y,2.3,Flat,1
55,F,ATA,135,269,1,LVH,157,Y,0.1,Up,0
42,F,ATA,113,206,0,LVH,174,N,1.5,Up,0
75,M,TA,152,221,1,Normal,119,Y,2.3,Flat,1
60,M,ATA,134,219,1,ST,135,Y,0.6,Flat,1
45,M,NAP,130,222,0,Normal,174,N,-0.3,Up,0
65,M,ASY,108,239,0,Normal,144,N,1.5,Up,1
54,F,ATA,130,402,0,LVH,144,N,-0.3,Up,0
76,M,ASY,170,319,0,Normal,114,Y,1.4,Down,1
57,M,ATA,106,313,0,Normal,144,N,0.5,Up,0
57,M,NAP,115,2,0,Normal,127,N,-0.1,Flat,1
45,M,ATA,120,232,0,Normal,144,N,-0.6,Up,0
48,M,ASY,135,260,0,ST,136,N,0.1,Up,0
56,F,ATA,136,276,0,LVH,150,N,1.4,Flat,0
43,M,NAP,119,235,0,Normal,173,N,0.0,Up,0
59,M,ASY,125,148,0,Normal,125,N,0.2,Flat,1
62,M,ATA,112,279,0,LVH,89,Y,0.2,Flat,1
62,M,ASY,125,180,1,ST,149,Y,0.5,Flat,1
61,M,ASY,135,33,1,ST,88,N,1.1,Flat,1
37,M,ASY,90,126,0,Normal,130,Y,2.3,Flat,1
34,M,ATA,156,246,0,Normal,167,N,-0.2,Up,0
38,F,ASY,140,166,0,ST,194,N,-0.1,Up,0
64,F,ASY,172,348,0,Normal,161,Y,0.2,Up,0
64,M,ASY,90,323,0,ST,112,Y,1.1,Up,1
52,M,ASY,129,278,0,Normal,168,Y,1.9,Up,1
55,M,ASY,166,227,0,ST,128,Y,1.4,Flat,1
76,M,ASY,157,314,0,Normal,115,Y,2.0,Down,1
54,F,NAP,124,264,0,Normal,122,N,0.2,Up,0
48,M,ASY,122,265,0,Normal,134,Y,1.1,Flat,1
60,M,ASY,110,202,0,LVH,93,N,0.2,Up,0
53,M,ASY,134,602,1,Normal,135,Y,0.8,Flat,1
59,M,TA,110,282,0,ST,154,Y,0.6,Flat,1
57,M,ASY,149,1,0,ST,108,Y,0.8,Flat,1
54,F,ASY,218,308,1,LVH,129,Y,4.3,Down,1
45,M,ATA,120,275,0,LVH,166,N,0.0,Up,0
54,M,ATA,112,247,1,Normal,138,N,-0.0,Up,0
51,M,ASY,163,244,0,Normal,124,Y,1.2,Flat,1
62,M,ASY,163,31,0,Normal,96,Y,-0.7,Flat,1
57,M,NAP,133,1,1,Normal,87,N,-1.5,Flat,1
62,M,ASY,109,1,1,Normal,117,N,1.3,Flat,1
65,M,ASY,120,257,0,LVH,98,Y,2.0,Down,1
56,F,ATA,123,382,0,LVH,151,N,-0.2,Up,0
49,M,ASY,147,198,1,LVH,157,Y,3.5,Down,1
54,F,ATA,107,362,0,ST,155,N,0.3,Up,0
28,M,TA,93,1,1,Normal,128,N,0.4,Up,1
60,M,ASY,122,191,1,Normal,180,Y,1.8,Up,1
51,F,NAP,108,164,0,Normal,129,N,-0.1,Up,0
65,M,ASY,128,330,1,LVH,130,Y,1.6,Up,1
74,M,NAP,120,177,0,Normal,98,Y,0.9,Flat,1
50,M,ASY,151,1,1,Normal,116,Y,0.4,Flat,1
58,M,ASY,138,194,0,Normal,144,Y,2.0,Down,1
54,M,ATA,145,353,0,Normal,168,N,0.3,Up,0
61,F,NAP,136,306,0,Normal,93,N,1.1,Flat,1
58,M,ASY,98,192,0,ST,99,N,0.2,Up,0
59,M,ATA,134,270,0,ST,136,Y,1.1,Flat,1
57,M,ASY,133,197,0,LVH,135,Y,2.4,Flat,1
56,M,ASY,141,210,0,Normal,104,N,0.8,Flat,1
58,M,ASY,141,310,0,Normal,94,Y,0.9,Flat,1
40,M,ASY,137,217,0,Normal,179,N,0.2,Up,0
66,M,ASY,119,240,0,LVH,104,Y,1.8,Down,1
52,M,TA,121,194,0,LVH,128,Y,1.5,Up,0
59,M,ATA,152,310,0,Normal,157,N,-0.5,Up,0
42,M,ASY,116,225,0,LVH,136,N,0.0,Up,1
62,F,ASY,106,1,1,Normal,135,N,1.7,Down,1
38,M,ATA,122,199,0,Normal,157,Y,1.3,Flat,0
65,M,ASY,135,260,0,Normal,111,Y,3.4,Down,1
61,M,ASY,133,204,0,LVH,159,Y,4.3,Up,1
59,M,ATA,120,308,0,LVH,159,N,2.4,Flat,1
55,M,ATA,140,232,1,Normal,135,N,1.0,Up,0
43,F,NAP,139,296,0,Normal,159,N,0.2,Up,0
49,M,NAP,114,121,0,LVH,133,N,0.3,Up,1
58,F,ATA,137,242,0,Normal,138,Y,2.2,Flat,0
62,M,ASY,133,278,0,ST,139,Y,1.6,Flat,1
62,M,ATA,144,277,0,Normal,144,N,-0.1,Up,0
54,M,TA,115,163,0,Normal,154,N,2.4,Up,0
59,M,ASY,139,221,0,Normal,106,N,-0.3,Up,0
62,M,ASY,134,301,0,Normal,122,Y,1.1,Flat,1
42,M,ASY,97,318,0,Normal,120,Y,2.1,Flat,1
54,M,NAP,146,227,0,LVH,171,N,1.3,Up,0
58,M,ASY,149,253,0,Normal,126,Y,1.5,Flat,1
35,M,ASY,97,1,1,Normal,132,Y,0.9,Flat,1
58,M,ATA,121,220,0,Normal,185,N,0.3,Up,0
47,F,ATA,133,154,1,ST,153,N,-0.2,Up,0
54,M,ASY,144,357,0,ST,134,N,1.1,Up,0
53,F,ASY,128,214,0,ST,121,Y,2.0,Flat,1
38,M,ASY,130,209,0,Normal,129,Y,1.5,Flat,1
79,F,NAP,153,236,0,ST,117,N,1.4,Flat,0
54,M,NAP,119,193,0,Normal,135,Y,1.4,Flat,1
60,M,ASY,136,204,0,Normal,127,N,0.8,Up,0
50,M,ASY,139,255,0,Normal,160,Y,-0.3,Up,1
64,M,ASY,133,279,0,Normal,95,Y,0.9,Flat,0
37,M,ASY,145,237,0,Normal,178,N,0.4,Up,1
72,M,ASY,150,307,0,Normal,110,Y,1.4,Down,1
56,M,ASY,124,88,0,Normal,155,N,-0.1,Up,0
66,M,ASY,155,215,1,Normal,107,Y,1.1,Flat,1
36,F,TA,153,249,0,ST,178,N,0.2,Up,0
53,M,NAP,120,199,0,Normal,149,Y,1.9,Flat,1
63,M,ASY,148,16,0,ST,84,Y,0.0,Flat,1
54,M,ASY,153,166,0,Normal,123,Y,0.2,Flat,1
55,M,NAP,137,218,0,ST,119,Y,0.9,Flat,1
54,M,NAP,123,241,1,LVH,170,N,-0.1,Up,0
60,F,ASY,144,255,0,LVH,149,N,3.1,Flat,1
70,M,NAP,145,295,0,Normal,113,Y,2.4,Flat,1
66,M,ASY,137,434,0,Normal,119,Y,1.3,Flat,1
59,M,ATA,136,232,1,LVH,147,N,0.1,Up,0
71,M,ATA,163,1,1,ST,136,N,1.8,Up,1
64,M,ASY,166,280,1,ST,102,Y,2.1,Flat,1
59,M,ASY,134,13,0,Normal,47,Y,-0.2,Up,1
54,F,ASY,125,186,0,ST,120,Y,1.4,Flat,1
40,M,ASY,144,198,0,Normal,167,N,0.0,Up,1
58,M,ASY,148,183,0,LVH,110,Y,1.7,Flat,1
59,M,ASY,128,142,0,Normal,119,N,0.0,Flat,1
39,M,ASY,169,191,0,Normal,177,N,0.1,Up,1
58,F,ATA,131,265,0,Normal,148,N,0.8,Flat,1
59,M,ASY,106,11,0,ST,103,Y,-0.4,Down,1
54,F,ATA,108,469,0,Normal,115,N,0.2,Up,0
71,M,ASY,132,28,0,ST,94,Y,2.0,Flat,1
32,F,TA,169,209,0,ST,170,N,0.3,Up,0
59,M,ASY,110,244,0,LVH,110,N,-0.1,Up,0
63,F,TA,164,1,1,Normal,143,N,-0.1,Flat,1
69,F,NAP,111,170,0,LVH,109,N,1.4,Flat,0
59,M,ATA,132,250,0,Normal,93,N,0.2,Up,0
27,M,ATA,135,181,0,LVH,210,N,-0.2,Up,0
56,M,ASY,120,225,0,LVH,121,Y,2.3,Down,1
56,M,ASY,121,1,0,Normal,106,N,-0.3,Flat,1
58,M,ASY,152,1,0,ST,85,Y,0.6,Flat,1
77,M,ASY,156,293,0,Normal,100,Y,1.4,Down,1
42,M,ASY,129,9,1,Normal,157,N,-0.2,Flat,1
67,F,NAP,143,307,0,Normal,131,N,1.0,Up,0
62,M,ASY,145,209,0,LVH,134,Y,3.8,Up,1
59,M,NAP,211,1,1,ST,71,N,-0.1,Flat,1
61,M,ASY,137,1,1,Normal,75,N,2.3,Flat,1
36,M,NAP,131,175,0,Normal,196,N,0.0,Up,0
53,M,ASY,121,1,0,LVH,121,Y,1.0,Flat,1
34,M,ATA,120,229,0,Normal,156,N,-0.4,Up,0
50,M,ATA,128,197,0,Normal,151,N,-0.1,Up,0
60,M,ATA,142,298,0,Normal,142,N,0.2,Up,0
66,M,NAP,146,159,1,Normal,133,N,0.4,Flat,1
38,M,ASY,133,235,0,Normal,136,Y,1.5,Flat,1
59,M,ATA,130,290,0,Normal,151,N,0.0,Up,0
48,M,NAP,118,141,0,Normal,138,Y,1.4,Flat,1
54,M,ASY,128,181,1,Normal,95,Y,1.8,Flat,1
52,M,ASY,118,240,0,Normal,113,Y,1.7,Flat,1
55,M,ASY,112,1,0,ST,112,Y,-1.5,Down,1
45,F,ATA,123,292,0,Normal,170,N,-0.2,Up,0
59,M,ASY,129,268,1,LVH,123,Y,0.3,Flat,1
56,M,ASY,133,169,1,Normal,108,N,1.4,Flat,1
46,M,ASY,150,167,0,LVH,111,Y,0.8,Flat,1
55,M,NAP,146,146,0,Normal,180,N,1.5,Up,0
55,M,NAP,152,7,0,ST,108,N,0.4,Flat,1
55,F,NAP,134,219,0,ST,159,N,-0.3,Up,0
42,M,NAP,114,360,0,Normal,191,N,0.1,Up,0
64,M,ASY,114,228,0,LVH,98,Y,2.2,Down,1
41,M,ASY,120,207,0,Normal,148,N,0.0,Flat,1
52,M,ATA,147,98,0,Normal,141,Y,0.1,Up,0
46,M,ASY,145,292,0,Normal,114,Y,1.8,Flat,1
51,M,ASY,147,307,0,Normal,182,Y,1.9,Up,1
47,M,NAP,114,252,0,Normal,183,N,-0.0,Up,0
64,M,NAP,211,1,1,ST,65,N,0.6,Flat,1
47,M,TA,155,299,1,Normal,190,N,1.2,Flat,0
60,M,ASY,136,260,0,Normal,113,Y,-0.4,Flat,0
60,M,ASY,193,284,1,LVH,143,Y,2.2,Down,1
63,M,ATA,139,209,1,ST,127,Y,1.3,Flat,1
42,M,ATA,118,269,0,Normal,174,N,0.0,Up,0
55,M,ASY,133,1,0,ST,114,Y,1.3,Flat,1
56,F,ATA,128,220,0,LVH,171,N,-0.7,Flat,1
65,M,ASY,143,1,0,Normal,84,Y,-0.7,Flat,1
63,M,ASY,117,1,0,LVH,106,N,0.6,Flat,1
52,M,ASY,166,238,0,Normal,108,Y,1.3,Flat,1
79,M,ASY,140,175,0,ST,112,Y,2.3,Up,1
53,M,ATA,115,273,0,Normal,102,N,-0.6,Up,0
55,M,ATA,124,155,0,ST,132,N,-0.4,Up,0
64,M,ASY,123,267,0,LVH,133,N,1.6,Flat,1
67,M,TA,145,222,1,Normal,112,N,2.5,Up,1
58,M,ATA,114,300,0,LVH,163,N,2.0,Flat,1
68,M,ASY,149,199,1,ST,103,Y,-0.0,Flat,1
55,M,ASY,167,1,1,Normal,147,N,0.3,Flat,1
49,M,ASY,154,321,0,Normal,83,Y,2.3,Flat,1
59,M,ASY,126,325,0,ST,130,Y,3.6,Down,1
49,M,NAP,147,267,0,Normal,166,N,1.1,Flat,1
67,M,NAP,158,209,1,Normal,132,N,0.5,Flat,1
53,M,ASY,121,7,0,ST,155,N,-0.4,Flat,1
35,F,NAP,156,174,0,Normal,150,N,-0.4,Up,0
57,M,ASY,178,329,0,LVH,138,Y,3.3,Down,1
63,M,ASY,149,207,0,Normal,90,N,2.1,Flat,1
55,M,NAP,118,229,1,LVH,160,N,2.3,Flat,0
35,M,ASY,109,3,1,Normal,124,Y,1.2,Flat,1
60,M,ASY,201,278,1,LVH,144,Y,2.0,Down,1
47,F,ATA,138,218,0,Normal,156,N,-0.0,Up,0
51,M,ASY,152,178,0,Normal,112,Y,6.4,Down,1
43,M,ASY,138,249,1,LVH,162,Y,-0.1,Flat,1
31,F,ASY,90,228,0,Normal,146,Y,1.6,Flat,1
48,M,ASY,128,266,0,LVH,166,N,1.0,Flat,1
36,M,ASY,100,279,0,Normal,122,N,0.2,Up,0
63,F,ASY,138,203,0,LVH,124,N,0.3,Flat,1
58,M,ASY,130,262,0,LVH,137,Y,3.0,Flat,1
62,M,NAP,124,1,0,Normal,86,Y,-0.2,Flat,1
54,M,ASY,127,233,0,Normal,127,Y,0.0,Flat,1
64,M,TA,146,261,1,Normal,122,N,2.1,Up,1
37,M,NAP,127,158,0,ST,151,N,0.2,Up,0
46,F,NAP,112,180,0,Normal,139,N,0.3,Up,0
56,F,ASY,179,327,0,ST,122,Y,3.8,Flat,1
53,M,ATA,108,175,0,Normal,114,N,-0.1,Up,0
40,M,ASY,104,163,0,Normal,124,Y,0.6,Flat,1
55,M,NAP,143,240,1,ST,117,Y,1.9,Flat,1
45,M,ASY,114,177,0,Normal,151,Y,3.4,Down,1
53,M,ASY,142,1,1,Normal,131,Y,2.0,Flat,1
48,M,NAP,133,258,1,Normal,161,N,0.2,Up,0
61,M,ASY,125,242,0,Normal,142,Y,1.9,Flat,1
63,M,NAP,125,1,0,Normal,82,Y,-0.2,Flat,1
63,M,ASY,105,1,1,Normal,117,Y,1.5,Down,1
37,M,ASY,105,173,0,Normal,135,Y,1.6,Flat,1
60,M,TA,121,201,0,LVH,174,N,2.0,Flat,0
45,F,NAP,108,258,0,LVH,175,Y,0.2,Up,0
49,M,ATA,126,217,0,Normal,150,N,0.1,Up,0
41,M,ASY,131,1,0,Normal,154,Y,2.2,Flat,1
50,M,ASY,98,59,1,ST,167,N,1.8,Up,1
45,M,ASY,163,278,0,ST,165,Y,2.7,Flat,1
59,M,TA,104,217,0,ST,152,Y,1.3,Flat,1
35,M,ATA,127,134,0,Normal,183,N,-0.0,Up,0
38,M,ASY,132,330,0,Normal,160,N,-0.2,Up,0
58,M,ASY,131,286,0,LVH,130,Y,3.1,Flat,1
56,M,ASY,132,200,0,ST,161,Y,2.3,Flat,1
45,M,ASY,114,275,0,LVH,138,N,1.2,Up,1
46,M,NAP,162,15,0,Normal,127,Y,1.5,Flat,1
60,M,NAP,174,1,0,Normal,71,Y,-0.5,Flat,1
54,F,NAP,134,202,0,ST,123,N,-0.4,Up,0
58,M,ASY,88,4,1,Normal,180,N,0.6,Down,1
60,M,ASY,113,216,0,Normal,106,N,0.0,Flat,1
68,M,ASY,161,218,1,ST,117,Y,1.4,Flat,1
46,F,ASY,131,224,0,Normal,91,N,-0.2,Up,0
53,M,ASY,142,1,0,ST,109,Y,1.3,Flat,1
44,M,ASY,122,252,0,Normal,108,Y,0.2,Flat,1
49,M,ASY,140,271,0,Normal,143,Y,1.5,Flat,1
56,M,ASY,105,265,0,Normal,138,N,1.8,Flat,1
50,F,ATA,135,299,1,LVH,161,Y,0.0,Up,0
52,M,ASY,174,5,1,Normal,150,N,1.9,Flat,1
58,M,ATA,124,264,0,Normal,161,N,-0.2,Up,0
64,F,ASY,150,294,0,Normal,135,Y,1.2,Flat,1
65,M,ASY,168,184,0,ST,139,Y,0.0,Flat,1
56,M,ASY,152,5,0,Normal,82,N,0.3,Flat,1
45,M,ASY,129,289,0,Normal,169,N,1.1,Flat,0
43,M,ASY,131,227,0,ST,131,Y,1.5,Flat,1
55,F,ASY,125,332,1,ST,150,N,-0.5,Flat,1
65,M,NAP,151,329,0,Normal,156,N,0.3,Up,1
44,M,ASY,110,262,0,LVH,151,Y,3.0,Flat,0
43,M,ATA,112,165,0,Normal,160,N,-0.4,Up,0
44,M,ASY,107,322,0,Normal,174,N,1.9,Flat,0
57,M,ASY,134,246,0,Normal,137,Y,2.6,Flat,1
41,M,ASY,149,250,0,Normal,165,N,0.8,Up,0
53,M,ASY,140,319,0,Normal,121,Y,1.6,Flat,1
55,F,ATA,119,325,0,ST,155,N,0.2,Up,0
48,F,ATA,146,243,0,Normal,133,N,1.2,Up,0
54,M,ATA,137,166,0,ST,145,N,0.5,Up,0
57,M,ATA,139,215,0,LVH,167,N,0.5,Up,1
56,F,ATA,124,338,0,Normal,147,N,0.1,Up,0
66,M,TA,144,271,1,LVH,184,N,2.2,Flat,1
71,M,NAP,106,290,0,Normal,159,N,1.3,Up,0
35,M,TA,90,1,1,Normal,120,N,0.6,Up,1
52,M,NAP,143,196,0,LVH,175,N,1.4,Up,0
59,M,NAP,155,1,0,ST,102,N,0.4,Flat,1
54,M,ASY,185,229,0,Normal,72,N,1.7,Flat,1
52,M,ASY,160,230,0,LVH,129,Y,0.8,Flat,1
55,M,ASY,133,1,0,Normal,83,N,-0.1,Flat,1
36,F,NAP,134,190,0,Normal,146,N,0.1,Up,0
47,F,ASY,134,313,0,Normal,143,Y,1.1,Flat,1
49,M,ASY,143,222,0,Normal,137,Y,0.5,Flat,1
50,M,ATA,143,290,0,Normal,146,N,0.4,Up,0
53,M,ASY,133,193,1,LVH,134,Y,0.9,Flat,1
53,M,ASY,154,211,0,ST,137,Y,5.7,Flat,1
50,F,ASY,139,176,0,Normal,146,Y,1.6,Flat,0
47,F,ATA,97,200,0,Normal,176,N,0.4,Up,0
53,M,ASY,156,379,0,ST,131,N,1.2,Up,0
71,M,NAP,127,223,0,Normal,110,Y,1.5,Flat,1
63,M,ASY,193,270,1,LVH,152,Y,2.2,Down,1
48,F,NAP,129,188,0,Normal,126,N,0.1,Up,0
67,M,ASY,146,1,0,ST,121,Y,1.4,Flat,1
51,F,NAP,127,287,0,Normal,152,N,0.9,Up,0
50,M,ASY,133,249,0,ST,133,N,0.1,Up,0
49,M,ATA,84,293,0,Normal,171,N,0.3,Up,0
54,M,ASY,124,197,0,Normal,158,N,1.0,Up,1
57,M,ASY,120,300,0,LVH,177,N,0.2,Up,1
59,M,NAP,121,295,0,Normal,115,Y,1.0,Flat,0
50,M,ASY,161,217,0,LVH,124,N,1.8,Flat,1
61,M,ASY,134,291,0,Normal,134,Y,1.9,Flat,1
59,M,ASY,128,240,0,LVH,131,Y,3.3,Flat,1
57,M,NAP,165,1,0,LVH,113,Y,2.2,Flat,1
44,M,ASY,152,227,0,Normal,112,Y,2.3,Flat,1
52,M,NAP,123,279,0,Normal,179,N,0.1,Flat,1
54,M,ASY,133,245,0,LVH,169,Y,-0.1,Up,0
62,M,TA,145,215,1,LVH,157,N,2.6,Down,0
51,M,NAP,147,225,0,Normal,175,N,0.8,Flat,1
44,M,ASY,100,280,0,LVH,184,N,0.1,Up,0
56,M,NAP,120,4,0,Normal,107,N,0.4,Flat,0
63,F,ASY,127,301,0,Normal,122,N,2.1,Flat,0
56,M,ASY,129,1,0,LVH,148,Y,0.4,Flat,1
54,M,ASY,119,259,0,Normal,91,Y,1.9,Flat,1
59,M,ASY,131,100,0,Normal,106,N,-0.6,Flat,1
69,M,NAP,167,238,0,LVH,149,N,1.0,Flat,1
41,M,ASY,137,235,0,Normal,158,N,0.3,Up,0
53,M,ASY,152,259,0,LVH,116,Y,0.9,Flat,1
61,M,TA,186,277,0,LVH,155,N,0.4,Flat,1
54,M,ASY,146,348,0,ST,137,N,1.3,Up,0
60,M,ASY,155,159,0,Normal,170,Y,-0.6,Up,1
65,M,ASY,138,9,0,Normal,129,Y,3.0,Flat,1
55,M,ASY,164,154,0,ST,171,N,-0.5,Up,0
44,F,ASY,156,434,0,Normal,126,N,1.9,Flat,1
56,F,NAP,162,226,0,Normal,171,N,0.6,Up,0
42,F,NAP,119,235,0,Normal,179,N,0.4,Flat,0
62,M,NAP,125,13,1,ST,154,N,3.2,Flat,0
48,F,ATA,111,200,0,Normal,157,N,-0.1,Up,0
48,M,ASY,127,194,0,Normal,158,N,-0.3,Flat,1
40,M,ATA,120,197,0,Normal,146,N,0.1,Up,0
57,M,TA,137,328,0,Normal,139,N,0.4,Flat,1
45,M,ASY,158,201,0,Normal,89,Y,3.1,Flat,1
55,M,ASY,136,228,0,ST,124,Y,1.4,Down,1
42,M,ASY,122,293,0,LVH,155,N,0.0,Up,1
58,F,TA,145,275,0,Normal,170,N,0.2,Up,0
58,M,NAP,132,203,0,ST,127,Y,1.7,Flat,1
39,M,ATA,145,244,0,Normal,135,N,-0.2,Up,0
58,F,ASY,140,299,0,LVH,154,N,-0.4,Up,0
74,M,ASY,152,183,0,Normal,107,Y,1.7,Flat,1
49,F,NAP,110,204,0,Normal,154,N,1.8,Flat,0
55,M,ASY,150,1,0,ST,135,Y,0.1,Up,0
50,M,ASY,123,311,0,Normal,117,Y,1.8,Flat,1
37,M,ASY,124,261,0,LVH,148,Y,0.2,Up,1
41,M,ASY,173,3,0,Normal,140,Y,-0.2,Flat,1
66,M,TA,131,293,1,Normal,122,N,2.7,Up,1
58,M,ASY,117,173,1,LVH,140,Y,0.4,Flat,1
58,F,NAP,123,214,0,ST,171,N,0.4,Up,0
59,M,ASY,132,227,0,Normal,128,Y,1.5,Up,1
61,M,NAP,146,308,1,ST,120,Y,1.8,Flat,1
53,M,ASY,123,233,0,Normal,145,N,-0.5,Flat,1
65,M,ASY,129,298,0,ST,137,Y,4.0,Down,1
58,M,NAP,116,208,0,ST,143,N,-0.0,Flat,1
40,M,ATA,130,192,0,Normal,144,N,-0.4,Up,0
51,M,ASY,138,215,0,Normal,104,N,1.4,Flat,1
54,M,ASY,136,228,0,Normal,129,Y,2.2,Flat,1
39,F,ATA,114,176,0,Normal,182,N,-0.0,Up,0
53,M,ASY,122,297,0,LVH,116,Y,2.7,Flat,1
59,M,ASY,166,157,1,LVH,91,N,0.9,Flat,1
57,M,NAP,189,1,0,ST,155,Y,1.3,Flat,0
38,M,ASY,97,197,0,Normal,151,Y,1.1,Flat,1
59,M,NAP,150,145,0,Normal,170,N,1.6,Up,0
62,M,ASY,141,15,0,Normal,90,Y,-0.1,Flat,1
48,M,ASY,134,1,1,ST,152,N,-0.2,Flat,1
66,F,ASY,161,1,1,Normal,86,N,0.0,Flat,1
49,M,NAP,134,257,1,Normal,174,N,0.3,Up,0
57,M,TA,130,200,0,Normal,141,N,2.7,Flat,1
36,M,TA,127,245,0,Normal,185,Y,4.3,Flat,1
43,M,ASY,131,331,0,Normal,113,Y,3.4,Flat,1
47,M,NAP,107,267,0,Normal,143,N,0.5,Up,0
39,M,ASY,97,138,0,Normal,139,Y,3.0,Flat,1
64,M,NAP,149,295,1,ST,133,Y,2.2,Flat,1
47,M,ASY,128,182,0,Normal,103,N,-0.4,Flat,1
71,M,ASY,135,159,0,Normal,127,Y,2.8,Down,1
58,F,ATA,121,444,0,Normal,112,N,0.4,Up,0
74,M,ASY,140,295,1,ST,118,Y,4.5,Down,1
56,M,ASY,129,263,0,Normal,135,Y,1.7,Flat,1
59,M,ATA,125,239,0,Normal,153,N,0.6,Flat,0
52,M,NAP,100,221,0,Normal,148,Y,0.0,Up,0
38,M,ATA,185,237,0,Normal,99,N,0.6,Up,0
56,M,ASY,95,233,0,Normal,156,N,-0.4,Up,1
74,M,ASY,138,22,0,ST,104,Y,1.3,Flat,1
37,M,NAP,138,215,0,Normal,172,N,-0.6,Up,0
37,M,NAP,118,1,0,Normal,195,N,-1.0,Up,0
61,M,ASY,128,306,0,Normal,152,Y,2.8,Flat,0
68,F,NAP,123,205,0,LVH,116,N,1.5,Flat,0
53,M,ASY,121,1,0,ST,114,Y,1.4,Flat,1
57,F,NAP,138,162,0,ST,168,N,0.2,Up,0
50,F,ASY,122,277,0,LVH,153,N,0.4,Flat,0
65,M,ASY,115,248,0,LVH,109,Y,2.3,Down,1
63,M,ASY,115,2,0,Normal,109,N,0.1,Flat,1
49,F,ASY,119,246,0,ST,119,N,-0.3,Up,0
31,M,ASY,121,517,0,Normal,134,N,-0.0,Flat,1
53,F,ATA,136,281,1,LVH,167,Y,0.3,Up,0
38,F,NAP,94,208,0,Normal,178,N,0.3,Up,0
54,M,ASY,124,217,1,ST,125,Y,1.6,Flat,1
53,M,ASY,116,234,0,Normal,133,Y,2.9,Flat,1
70,M,NAP,134,273,1,Normal,159,Y,0.1,Up,0
40,M,ASY,124,301,0,Normal,194,N,1.5,Flat,0
39,M,ASY,134,197,0,Normal,132,Y,1.3,Flat,1
48,F,ATA,111,205,0,Normal,163,N,-0.2,Up,0
51,M,ASY,140,314,0,ST,105,Y,2.5,Flat,1
27,M,ATA,140,209,0,LVH,189,N,-0.4,Up,0
57,M,NAP,121,227,0,LVH,144,N,0.5,Flat,0
56,M,NAP,118,216,0,Normal,141,Y,1.9,Flat,1
65,M,ASY,123,268,0,Normal,145,Y,1.8,Flat,1
41,M,ASY,134,165,0,Normal,134,Y,3.0,Down,1
55,M,ASY,122,214,0,Normal,144,N,-0.2,Up,0
66,M,ASY,144,234,1,ST,101,Y,-0.4,Flat,1
49,F,ASY,135,193,0,Normal,150,Y,2.2,Flat,0
56,F,ATA,125,341,0,LVH,148,N,0.9,Flat,0
49,F,ATA,130,292,0,Normal,124,N,-0.4,Up,0
47,M,TA,145,257,1,Normal,177,N,2.1,Flat,1
50,F,NAP,127,206,0,Normal,165,N,1.7,Flat,0
44,F,ASY,136,341,1,LVH,143,Y,3.2,Flat,1
45,M,NAP,119,215,0,Normal,152,Y,2.2,Flat,0
50,M,ASY,115,263,0,LVH,152,N,0.2,Flat,1
51,M,ASY,109,355,0,Normal,141,Y,2.8,Flat,1
37,M,ASY,127,21,1,Normal,150,N,0.6,Flat,1
64,M,ASY,124,213,0,LVH,98,Y,2.5,Down,1
55,M,ASY,170,160,1,LVH,84,N,1.3,Flat,1
47,M,ATA,172,254,0,Normal,183,N,-0.2,Up,0
60,M,ASY,135,470,1,Normal,69,N,1.4,Down,0
39,F,ATA,137,268,0,Normal,143,N,0.3,Up,0
60,M,ATA,138,341,0,Normal,146,N,0.1,Up,0
52,M,ASY,136,207,0,Normal,120,N,1.3,Flat,1
54,M,ASY,144,209,0,Normal,116,Y,5.6,Down,1
61,M,ASY,132,234,0,Normal,108,N,0.6,Up,0
48,M,ASY,122,283,0,Normal,124,N,0.6,Flat,0
63,M,ATA,123,1,0,Normal,124,N,-0.2,Up,0
28,M,TA,88,1,1,Normal,122,N,0.5,Up,1
69,M,ASY,140,202,0,LVH,128,N,2.7,Flat,1
61,M,ASY,137,188,1,ST,139,Y,0.5,Flat,1
47,M,ASY,102,1,1,ST,145,N,2.4,Up,1
61,M,ASY,141,220,0,Normal,123,N,0.5,Up,0
64,M,ASY,156,384,1,ST,124,Y,0.0,Flat,1
57,M,ASY,120,245,0,Normal,139,N,0.1,Up,0
53,M,ATA,171,300,0,Normal,184,N,0.2,Up,0
51,M,ASY,146,257,0,Normal,161,Y,1.0,Up,1
63,M,TA,176,203,0,LVH,158,N,1.0,Flat,0
58,M,ASY,179,189,1,LVH,101,N,0.7,Flat,1
53,F,NAP,119,267,0,Normal,138,N,-0.2,Up,0
52,M,ASY,122,18,1,Normal,166,N,-0.6,Up,1
55,F,ATA,114,234,0,Normal,157,N,1.5,Flat,0
65,F,NAP,153,264,0,Normal,140,N,1.0,Up,0
63,M,TA,93,248,0,ST,150,Y,1.3,Flat,1
65,M,NAP,108,232,1,LVH,91,Y,1.2,Flat,0
67,M,ASY,156,280,1,ST,73,Y,2.5,Flat,1
47,F,ASY,166,13,1,Normal,109,N,0.2,Flat,1
60,F,ATA,133,267,0,LVH,164,N,0.1,Flat,1
50,F,NAP,125,228,0,Normal,145,N,2.2,Flat,0
50,M,ASY,125,209,0,Normal,159,N,-0.2,Flat,1
65,F,ASY,136,309,0,LVH,184,N,0.8,Up,1
61,M,ASY,172,1,1,LVH,121,Y,-0.4,Flat,1
35,F,ASY,96,261,0,Normal,158,Y,1.0,Flat,1
55,M,ASY,114,323,0,Normal,135,Y,1.1,Flat,1
60,M,ASY,151,11,1,Normal,146,N,0.3,Flat,1
72,M,ASY,154,125,1,LVH,115,N,1.3,Flat,1
58,M,ASY,153,295,0,Normal,101,Y,0.9,Flat,1
49,M,ASY,122,221,0,Normal,104,N,0.4,Flat,1
54,M,NAP,129,204,0,ST,148,N,-0.2,Up,0
40,M,NAP,120,190,0,Normal,154,N,0.3,Up,0
44,F,NAP,116,198,0,ST,129,N,0.2,Up,0
60,F,ATA,183,379,0,Normal,112,Y,0.9,Flat,1
57,F,ATA,123,288,0,Normal,167,N,1.2,Flat,1
52,M,ASY,131,151,1,LVH,142,Y,0.9,Flat,1
54,M,ASY,148,281,0,LVH,141,Y,0.4,Flat,1
32,M,TA,113,180,0,LVH,168,N,-0.4,Up,0
72,M,ASY,147,290,1,ST,131,Y,4.2,Down,1
45,M,ASY,119,213,0,LVH,185,N,0.2,Up,0
48,M,NAP,103,1,1,ST,120,Y,1.1,Down,1
55,M,ASY,151,234,0,Normal,134,Y,1.4,Flat,1
42,M,ASY,128,1,0,Normal,106,N,0.4,Up,1
60,F,ASY,147,13,1,Normal,94,N,-0.1,Flat,1
48,F,ATA,115,219,0,Normal,144,N,-0.6,Up,0
54,M,ASY,175,225,0,Normal,126,Y,1.5,Flat,1
74,M,ASY,164,222,1,ST,110,N,0.2,Flat,1
63,M,ATA,138,15,0,Normal,140,N,0.1,Up,0
49,M,ASY,119,204,0,Normal,158,N,0.6,Flat,1
50,M,NAP,144,20,0,Normal,112,Y,0.6,Flat,1
54,M,ASY,129,255,0,Normal,122,N,1.8,Flat,1
70,M,ASY,142,205,0,ST,136,Y,2.0,Flat,1
47,M,ASY,138,331,0,Normal,157,N,0.1,Up,0
45,M,ASY,140,239,0,Normal,177,N,-0.7,Up,0
56,M,ATA,148,248,0,LVH,179,N,0.2,Up,1
54,M,ASY,150,279,0,Normal,82,Y,2.1,Flat,1
42,F,ATA,120,241,0,ST,175,N,-0.7,Up,0
33,M,ATA,111,264,0,Normal,184,N,-0.0,Up,0
44,M,ASY,115,302,0,LVH,155,N,-0.3,Up,1
61,M,ATA,119,213,1,LVH,132,N,-0.2,Up,0
37,F,ATA,111,182,0,Normal,181,N,0.2,Up,0
45,M,ASY,124,315,0,LVH,136,Y,0.1,Flat,1
58,M,NAP,125,184,0,Normal,151,N,0.6,Up,0
68,M,NAP,124,258,1,Normal,143,Y,0.1,Up,0
53,M,ASY,121,298,0,Normal,128,N,0.2,Flat,0
42,F,ATA,113,259,0,ST,159,N,0.1,Up,0
51,F,ASY,135,267,0,Normal,157,N,-0.1,Up,0
67,M,ASY,128,19,0,Normal,133,Y,2.6,Flat,1
56,M,ASY,134,168,0,Normal,109,N,0.1,Up,0
42,M,ATA,133,295,0,ST,168,N,0.3,Up,0
56,F,ATA,134,297,0,Normal,139,N,1.3,Flat,0
50,F,ATA,128,281,0,Normal,156,N,0.5,Up,0
52,F,ATA,113,359,0,ST,162,N,-0.7,Up,0
50,M,NAP,122,231,1,LVH,167,N,1.0,Down,0
35,F,ASY,111,3,1,Normal,160,N,2.7,Up,1
35,M,ASY,109,273,0,Normal,128,N,-0.2,Up,0
55,M,ASY,164,300,0,LVH,148,Y,0.6,Flat,1
43,M,ASY,120,1,1,Normal,181,N,1.8,Up,1
43,M,NAP,129,299,0,Normal,167,N,2.1,Up,0
60,M,ASY,136,244,0,LVH,120,N,2.9,Flat,1
42,M,NAP,122,206,0,Normal,148,Y,1.8,Flat,0
50,M,ASY,148,360,0,LVH,122,Y,0.8,Up,1
77,F,NAP,155,1,0,ST,131,N,-0.4,Up,1
60,M,ASY,139,1,0,Normal,84,Y,1.8,Flat,1
37,M,ASY,123,278,0,Normal,105,Y,1.3,Down,1
64,M,ASY,168,213,0,Normal,153,N,-0.7,Up,1
52,M,ATA,134,240,0,Normal,165,N,-0.2,Up,0
47,M,ASY,123,287,0,Normal,127,N,0.4,Flat,1
62,M,ASY,146,127,0,ST,106,Y,1.9,Up,1
63,M,ATA,144,290,0,Normal,152,N,1.2,Up,0
60,M,ASY,146,194,0,Normal,101,N,0.0,Up,0
54,F,NAP,120,230,0,ST,152,N,0.5,Up,0
49,M,NAP,154,32,0,Normal,101,Y,0.6,Flat,1
59,M,TA,114,290,0,ST,160,Y,1.0,Flat,1
63,M,NAP,137,246,0,Normal,147,N,2.2,Flat,0
75,M,ASY,157,324,1,Normal,114,Y,2.0,Down,0
66,M,ASY,147,331,0,LVH,98,Y,1.3,Flat,1
61,M,ASY,155,1,0,Normal,110,Y,2.2,Flat,1
67,M,NAP,127,268,0,Normal,159,N,0.8,Up,0
60,M,ASY,119,284,0,Normal,113,Y,1.5,Flat,1
62,F,ATA,135,1,0,Normal,125,N,-0.2,Up,0
70,M,ASY,139,236,0,Normal,114,Y,1.5,Flat,1
64,F,ATA,133,194,0,Normal,181,N,0.1,Up,0
63,F,NAP,168,363,0,LVH,150,N,1.3,Up,0
51,M,ASY,153,210,0,Normal,155,Y,-0.1,Up,0
54,M,NAP,141,198,1,ST,118,Y,1.7,Flat,1
58,F,ASY,142,327,1,ST,140,Y,2.0,Flat,1
45,M,ASY,112,254,0,LVH,147,N,1.1,Up,1
55,M,NAP,168,184,1,Normal,162,N,0.6,Up,0
46,M,ATA,129,327,0,LVH,181,N,-0.5,Up,0
37,M,ASY,125,328,0,Normal,160,N,-0.3,Up,0
57,M,ASY,126,22,0,ST,99,Y,-1.4,Down,1
54,M,NAP,129,190,0,ST,151,N,0.0,Flat,1
57,M,ATA,116,227,0,Normal,151,N,0.1,Up,1
47,F,NAP,151,254,0,Normal,185,N,0.6,Up,0
67,M,ASY,121,295,0,Normal,40,N,0.4,Flat,1
38,M,NAP,107,25,0,Normal,183,N,-1.5,Up,0
51,F,ASY,113,243,0,LVH,161,N,0.1,Up,0
58,M,ASY,134,291,1,LVH,103,Y,1.8,Down,1
40,M,ATA,123,235,0,Normal,175,N,-0.9,Up,0
38,F,ATA,128,177,0,LVH,174,N,0.8,Up,0
39,F,NAP,88,226,0,Normal,184,N,-0.1,Up,0
40,F,ATA,132,242,0,Normal,148,N,0.5,Up,0
48,M,ASY,101,206,0,LVH,160,Y,3.7,Flat,0
32,F,ASY,114,246,0,Normal,156,Y,0.9,Flat,1
57,M,ASY,161,23,0,Normal,121,Y,1.9,Flat,1
60,M,ASY,101,290,0,ST,125,Y,0.7,Up,1
56,M,ASY,133,1,1,Normal,86,N,2.7,Flat,1
44,M,ATA,119,226,0,Normal,178,N,0.5,Up,0
59,M,ASY,110,1,0,Normal,114,N,0.4,Flat,1
46,F,ASY,118,199,0,Normal,106,Y,2.0,Flat,1
59,M,ASY,151,300,0,LVH,113,Y,0.3,Flat,1
40,M,ASY,112,202,0,Normal,165,Y,1.0,Flat,1
34,M,TA,122,203,0,LVH,183,N,0.5,Up,0
59,M,NAP,137,12,0,ST,106,Y,-0.1,Flat,1
43,M,NAP,124,228,0,Normal,169,N,-0.6,Up,0
52,M,ASY,127,215,1,ST,121,N,0.1,Up,0
56,M,ASY,132,234,0,LVH,132,Y,1.6,Down,1
60,M,ATA,126,275,0,LVH,154,N,1.2,Flat,1
52,M,ASY,107,258,0,Normal,141,Y,2.9,Flat,1
54,F,ASY,119,327,0,Normal,112,Y,1.2,Flat,0
39,M,ASY,124,34,1,Normal,170,N,2.3,Up,1
55,M,ASY,125,205,0,Normal,138,N,-0.5,Flat,1
49,F,NAP,129,300,0,Normal,133,N,0.3,Up,0
51,M,ASY,146,12,0,Normal,104,N,0.3,Flat,1
60,M,ASY,152,275,0,LVH,109,Y,0.8,Flat,1
31,M,ATA,130,265,0,Normal,149,N,-0.4,Up,0
61,M,ASY,127,182,0,Normal,164,Y,-0.4,Up,1
42,M,ATA,116,205,0,Normal,158,N,0.0,Up,0
60,F,ASY,160,254,0,LVH,149,N,2.6,Flat,1
68,M,TA,141,268,1,LVH,161,N,1.2,Flat,1
56,F,ATA,85,272,0,Normal,152,N,1.5,Flat,1
48,M,ASY,125,148,0,Normal,154,N,-0.1,Flat,1
54,M,NAP,152,225,1,ST,128,Y,1.1,Flat,1
61,F,TA,134,215,0,Normal,175,N,0.8,Up,0
58,M,NAP,162,122,1,Normal,186,N,0.4,Up,0
59,M,ASY,93,13,1,Normal,80,Y,-0.4,Flat,1
40,M,ASY,138,189,0,ST,151,N,2.1,Flat,1
54,M,ASY,145,213,0,Normal,121,Y,2.5,Flat,1
52,F,NAP,101,272,0,Normal,116,N,-0.4,Up,0
52,F,ATA,139,259,0,LVH,143,N,1.3,Flat,0
46,F,ASY,129,206,0,Normal,98,Y,2.5,Flat,1
48,M,NAP,121,176,0,LVH,130,N,0.1,Up,1
65,M,ASY,165,251,1,ST,87,Y,2.0,Flat,1
61,F,ASY,127,297,1,ST,136,Y,1.9,Flat,1
63,F,NAP,120,268,0,LVH,170,N,0.4,Up,0
49,M,ASY,146,220,0,ST,134,Y,5.2,Flat,1
57,M,ASY,166,239,0,Normal,84,Y,1.4,Flat,1
54,M,ASY,159,227,0,ST,122,Y,1.1,Flat,1
59,F,ATA,124,323,1,Normal,127,Y,0.5,Up,0
57,M,ATA,128,196,0,Normal,160,Y,-0.4,Up,0
59,M,NAP,134,363,1,ST,120,Y,1.3,Flat,1
67,M,ASY,109,199,1,LVH,89,Y,0.1,Flat,1
54,M,ASY,140,241,0,Normal,158,N,1.0,Up,0
59,M,NAP,115,206,0,LVH,174,N,2.6,Flat,1
67,M,NAP,149,270,0,Normal,105,Y,3.1,Flat,1
39,M,NAP,166,144,1,Normal,151,N,0.6,Up,0
63,F,ASY,129,167,0,Normal,138,Y,0.2,Flat,1
49,M,ATA,136,295,0,Normal,121,N,-0.2,Up,0
39,F,NAP,109,172,0,ST,173,N,0.2,Up,0
70,F,NAP,144,1,0,ST,132,N,-0.3,Up,1
57,F,TA,147,259,0,Normal,186,N,1.2,Up,0
52,M,ASY,112,266,0,Normal,155,N,0.0,Up,1
49,M,ASY,151,249,0,Normal,110,Y,1.6,Flat,1
56,M,ASY,163,1,1,Normal,130,N,-0.2,Flat,1
60,M,ASY,132,130,0,Normal,134,N,-0.8,Flat,1
41,M,ASY,116,181,0,Normal,133,N,0.7,Flat,1
57,M,ASY,152,294,0,LVH,120,Y,1.2,Flat,1
75,F,ATA,128,236,0,LVH,113,Y,-0.2,Up,0
56,M,ASY,143,254,1,ST,159,Y,2.3,Flat,1
55,F,ATA,125,320,0,Normal,149,N,-0.2,Up,0
58,M,ASY,147,212,0,Normal,159,N,-0.1,Up,1
52,F,TA,125,303,0,Normal,113,N,1.0,Flat,0
54,M,ASY,164,361,0,Normal,93,Y,3.1,Flat,1
55,M,ASY,136,14,1,Normal,117,Y,0.2,Flat,1
52,M,ASY,147,313,1,ST,125,Y,1.6,Flat,1
50,M,ASY,180,260,0,ST,132,Y,2.0,Flat,1
72,M,ASY,168,237,1,ST,95,N,-0.2,Flat,1
40,F,ASY,147,376,0,Normal,128,N,2.4,Flat,1
53,M,ASY,176,35,1,Normal,146,N,1.8,Flat,1
48,M,ASY,137,266,0,Normal,110,Y,1.8,Flat,1
60,M,TA,163,283,0,LVH,126,N,-0.1,Up,1
64,M,ASY,172,198,0,Normal,67,Y,2.3,Down,1
62,M,TA,119,196,0,ST,140,Y,1.0,Flat,1
58,F,ATA,106,340,0,ST,152,N,-0.3,Up,0
46,M,ASY,175,215,0,Normal,109,Y,2.7,Flat,1
54,M,ASY,197,216,0,Normal,148,Y,2.1,Flat,1
60,M,NAP,105,206,0,LVH,163,N,2.4,Flat,1
62,M,TA,170,264,0,LVH,141,N,4.4,Down,0
44,M,ASY,136,175,0,Normal,104,Y,1.7,Flat,1
46,M,ASY,162,234,0,Normal,89,Y,1.1,Flat,1
57,M,NAP,131,199,0,Normal,154,Y,1.1,Flat,1
60,M,NAP,130,23,1,Normal,178,N,2.5,Flat,1
63,M,ASY,153,291,1,ST,86,Y,1.7,Flat,1
58,M,ASY,139,291,0,LVH,174,N,-0.3,Up,1
40,M,ASY,117,247,1,Normal,139,Y,1.6,Flat,1
39,M,ASY,90,113,0,Normal,138,Y,2.0,Flat,1
45,M,ASY,131,282,0,Normal,114,Y,1.7,Flat,1
38,M,NAP,150,269,0,Normal,135,N,0.1,Up,0
42,M,NAP,148,192,0,Normal,158,N,0.3,Up,0
41,M,NAP,132,147,0,Normal,153,N,0.3,Up,0
59,F,ASY,127,160,0,Normal,136,N,0.8,Flat,0
42,M,NAP,125,207,0,Normal,177,N,0.6,Up,0
40,F,NAP,103,238,0,Normal,156,N,-0.1,Flat,0
56,M,ASY,138,206,0,Normal,131,Y,2.9,Flat,1
57,M,ASY,149,261,0,Normal,145,Y,1.7,Flat,0
74,F,NAP,165,38,0,ST,128,N,-0.6,Up,1
52,M,ASY,130,228,0,Normal,107,Y,1.8,Flat,1
67,M,ASY,142,240,0,Normal,122,Y,2.2,Flat,1
46,M,ATA,152,292,0,Normal,147,Y,2.9,Flat,1
64,M,ASY,142,293,0,Normal,98,Y,4.7,Down,1
58,M,NAP,173,12,0,LVH,124,Y,3.2,Flat,1
59,M,ASY,145,9,0,ST,116,Y,2.0,Flat,1
44,F,ATA,120,321,0,Normal,167,N,0.7,Up,0
45,F,NAP,125,206,0,Normal,149,N,1.1,Flat,0
62,F,NAP,95,142,1,Normal,91,N,0.1,Up,0
55,M,ASY,163,1,1,Normal,109,Y,2.1,Flat,1
41,M,NAP,151,311,0,Normal,164,N,2.0,Up,0
35,F,ASY,126,195,0,Normal,187,N,1.4,Up,0
45,F,ASY,130,297,0,Normal,155,N,0.1,Up,0
37,M,NAP,130,221,0,Normal,189,N,0.3,Up,0
53,F,NAP,126,195,0,Normal,165,Y,1.8,Up,0
33,M,ASY,138,315,0,Normal,156,N,-0.5,Up,0
53,M,ASY,124,1,1,Normal,93,N,0.1,Flat,1
43,M,ASY,151,255,0,Normal,132,Y,1.8,Flat,1
52,M,ASY,136,187,0,Normal,129,Y,1.8,Flat,1
49,M,ATA,120,332,0,Normal,175,N,0.2,Up,0
60,M,ASY,149,131,0,Normal,89,Y,0.9,Flat,1
54,F,ASY,175,241,0,Normal,150,Y,0.4,Flat,1
56,M,ASY,122,288,0,Normal,147,N,-0.1,Up,0
48,M,TA,111,218,0,LVH,123,Y,1.8,Up,0
63,M,ASY,166,144,0,Normal,92,Y,2.6,Down,1
48,F,ASY,117,150,0,Normal,180,N,2.0,Up,0
44,M,ASY,94,1,1,Normal,123,Y,-1.4,Down,1
44,M,ATA,133,254,0,Normal,160,Y,2.5,Flat,1
53,F,ATA,132,290,1,LVH,149,Y,0.1,Up,0
50,F,NAP,151,319,0,LVH,142,N,1.8,Up,0
62,M,ASY,164,185,1,LVH,89,N,1.3,Flat,1
36,M,ASY,117,210,0,Normal,123,Y,1.1,Flat,1
68,M,ASY,125,208,0,ST,142,Y,1.5,Flat,1
56,M,NAP,174,1,0,LVH,133,Y,2.3,Flat,1
45,F,ATA,125,156,1,ST,158,N,0.5,Up,0
49,F,ATA,106,275,0,Normal,126,N,0.1,Up,0
31,M,ATA,129,282,0,LVH,166,N,-0.3,Up,0
55,M,NAP,161,158,1,ST,149,N,-0.2,Up,0
53,M,ASY,139,184,0,Normal,149,N,-0.2,Up,0
43,M,ASY,115,287,0,Normal,105,Y,1.2,Down,1
68,M,ASY,150,235,0,Normal,121,Y,2.9,Down,1
77,M,ASY,129,277,0,LVH,177,Y,0.4,Up,1
55,F,NAP,147,305,0,LVH,143,N,1.1,Up,0
65,M,ASY,155,149,0,Normal,88,Y,2.8,Down,1
63,M,TA,98,203,0,LVH,152,Y,2.0,Flat,0
53,M,ASY,134,196,1,LVH,155,Y,2.7,Down,1
43,M,ASY,121,17,0,Normal,141,N,0.5,Up,1
56,M,ATA,133,253,0,Normal,147,N,0.1,Up,0
52,M,ASY,147,296,1,ST,123,Y,1.6,Flat,1
60,M,ASY,161,1,0,ST,110,Y,-0.6,Up,0
51,M,ASY,149,138,0,Normal,131,Y,0.0,Flat,1
50,M,ASY,133,116,0,Normal,141,N,0.2,Up,0
58,M,ASY,130,1,1,ST,144,Y,1.6,Flat,1
56,M,ASY,113,1,0,ST,93,Y,-1.2,Down,1
43,M,NAP,118,241,0,Normal,161,N,-0.2,Up,0
65,M,ASY,113,247,0,ST,143,Y,1.9,Flat,1
60,M,ASY,137,171,1,LVH,101,N,1.1,Flat,1
54,M,ASY,139,236,0,Normal,140,N,0.0,Up,0
73,M,ASY,155,269,1,ST,134,Y,4.2,Down,1
35,M,NAP,95,1,0,Normal,181,N,-1.5,Up,0
66,M,ASY,159,208,1,Normal,136,N,3.5,Flat,1
64,M,ASY,142,26,1,ST,66,N,0.4,Flat,1
52,M,ASY,141,227,0,ST,131,Y,4.9,Flat,1
67,M,NAP,146,175,1,Normal,136,N,0.6,Flat,1
53,M,ASY,143,1,1,Normal,126,N,-0.5,Flat,1
59,M,ASY,116,237,1,Normal,168,Y,1.3,Up,1
48,M,ATA,101,153,0,Normal,105,N,-0.4,Up,0
57,M,ASY,120,190,0,Normal,125,Y,1.6,Flat,0
60,M,ASY,133,270,0,LVH,142,Y,3.4,Flat,1
45,M,NAP,150,241,0,Normal,154,N,3.7,Flat,1
29,M,ASY,127,522,0,Normal,141,N,-0.0,Flat,1
52,M,ASY,155,171,1,ST,138,Y,1.6,Flat,1
49,M,ASY,153,252,0,LVH,127,N,2.7,Flat,1
52,M,ASY,131,187,1,Normal,115,Y,2.3,Flat,1
65,M,ASY,145,4,0,ST,128,Y,1.3,Flat,1
55,F,NAP,140,222,0,ST,155,N,-1.0,Up,0
70,M,ASY,165,225,1,Normal,103,Y,2.0,Flat,1
38,M,ASY,118,338,0,Normal,108,Y,2.6,Flat,1
54,M,ATA,120,192,0,ST,140,N,-0.2,Up,0
53,M,ATA,111,269,1,Normal,134,N,0.5,Up,0
61,F,ASY,134,296,1,Normal,95,N,1.8,Flat,1
58,F,ATA,180,353,0,Normal,111,Y,1.7,Flat,1
41,M,TA,154,298,1,Normal,174,N,1.5,Flat,1
44,M,ASY,114,205,0,LVH,186,N,-0.4,Up,1
62,M,ASY,121,235,0,LVH,146,Y,3.3,Flat,1
49,F,ATA,114,228,0,Normal,166,N,1.0,Up,0
58,M,NAP,161,131,1,Normal,167,N,0.3,Up,0
55,M,NAP,139,211,1,LVH,157,N,1.2,Down,0
42,F,NAP,115,201,0,ST,137,N,-0.0,Up,0
57,M,ASY,131,239,0,Normal,98,N,-0.1,Up,0
53,M,ASY,123,282,0,ST,133,N,4.5,Down,1
41,M,ASY,144,202,0,Normal,177,N,0.2,Up,1
61,M,ASY,123,241,0,ST,134,Y,4.6,Down,1
67,M,ASY,155,1,0,ST,110,Y,1.5,Flat,1
57,M,ASY,112,231,0,Normal,130,Y,1.4,Flat,0
52,M,ATA,114,222,0,Normal,147,N,-0.2,Up,0
67,M,ASY,147,198,1,Normal,146,N,3.9,Flat,1
56,M,ATA,116,243,1,Normal,140,N,0.2,Up,0
58,M,ATA,128,279,0,Normal,133,N,-0.4,Up,0
47,M,ASY,121,269,0,LVH,177,N,-0.7,Up,0
46,M,NAP,149,156,0,Normal,167,N,-0.3,Up,0
60,M,ASY,148,1,0,Normal,111,Y,2.1,Flat,1
54,M,ASY,141,229,0,LVH,106,Y,0.9,Flat,1
67,M,ASY,152,1,1,ST,114,N,1.4,Flat,1
65,M,ASY,119,162,0,Normal,153,N,0.3,Up,0
51,M,ATA,116,181,0,Normal,135,N,0.5,Up,0
59,M,ASY,132,287,0,ST,115,Y,1.8,Flat,1
59,M,ASY,153,258,0,LVH,185,N,0.0,Up,0
48,M,ASY,164,270,0,Normal,87,Y,1.4,Flat,1
56,F,ATA,145,306,0,LVH,155,N,0.7,Flat,0
60,M,NAP,127,285,0,LVH,145,N,-0.0,Up,0
62,F,ASY,144,291,1,Normal,105,N,1.9,Flat,1
38,M,ATA,117,290,0,ST,146,N,0.2,Up,0
63,M,NAP,142,366,0,Normal,155,N,-0.6,Up,1
57,M,ASY,118,1,0,ST,102,N,0.2,Up,1
52,M,ASY,124,244,0,Normal,142,N,0.1,Up,0
58,M,ASY,117,323,0,ST,129,N,4.6,Down,1
69,F,ASY,109,171,0,Normal,144,N,2.0,Flat,0
53,M,ASY,113,250,0,Normal,112,Y,2.3,Flat,1
60,M,ATA,140,281,0,Normal,133,N,0.3,Up,0
54,M,ASY,130,198,1,ST,130,N,0.4,Up,0
68,M,ASY,125,218,0,ST,114,Y,1.9,Flat,1
41,M,ASY,114,222,0,LVH,173,N,0.1,Up,1
63,M,TA,128,1,1,LVH,139,N,-0.5,Flat,1
41,F,ATA,140,261,0,Normal,128,N,-0.0,Up,0
60,M,ASY,127,1,0,LVH,112,N,0.1,Flat,1
54,M,ASY,150,1,1,ST,132,Y,1.8,Flat,1
53,F,ATA,111,226,0,Normal,142,N,1.2,Up,0
63,M,TA,136,243,0,Normal,149,N,3.0,Flat,1
68,M,ASY,117,9,0,ST,94,Y,0.8,Flat,1
56,F,ASY,114,334,0,Normal,165,Y,0.8,Up,0
43,M,ASY,129,257,0,Normal,99,Y,1.8,Flat,1
47,M,ASY,144,273,0,Normal,104,Y,1.2,Flat,1
57,F,ATA,117,334,0,ST,159,N,0.2,Up,0
60,M,ASY,134,311,0,Normal,163,Y,2.2,Flat,0
65,M,ASY,158,248,1,Normal,130,Y,3.5,Down,1
62,M,NAP,139,208,0,Normal,175,N,1.0,Up,0
37,M,ATA,185,222,0,Normal,106,N,0.5,Up,0
41,M,ATA,118,302,0,ST,162,N,0.6,Up,0
36,M,ASY,110,207,0,Normal,145,Y,1.2,Flat,1
43,M,ASY,144,239,0,Normal,150,N,0.2,Up,0
43,M,ASY,142,202,0,ST,131,N,-0.1,Up,0
68,M,ASY,151,200,0,Normal,122,Y,2.6,Down,1
30,M,ATA,118,225,0,Normal,191,N,0.2,Up,0
59,M,ASY,152,3,0,ST,117,Y,1.2,Flat,1
58,F,TA,155,209,0,Normal,163,N,1.2,Up,0
66,F,ASY,142,289,0,Normal,143,Y,1.2,Flat,1
50,M,ATA,148,95,0,Normal,140,Y,0.3,Up,0
54,M,ASY,133,283,0,LVH,174,N,0.8,Flat,1
62,M,ASY,135,259,0,LVH,154,N,1.0,Flat,1
50,M,NAP,128,237,0,Normal,162,N,0.9,Flat,1
41,M,ATA,113,219,0,Normal,166,N,0.7,Up,0
54,M,ASY,130,243,1,ST,138,N,0.2,Up,0
41,M,ASY,124,215,0,Normal,143,N,1.7,Flat,1
39,M,ATA,140,268,0,Normal,154,N,-0.3,Up,0
57,M,NAP,149,196,0,LVH,157,N,3.0,Flat,1
55,M,TA,151,279,0,Normal,135,N,-0.2,Flat,1
39,M,ATA,135,243,0,Normal,152,N,0.5,Up,0
49,M,ASY,144,290,0,Normal,121,N,0.6,Flat,1
57,F,ATA,122,400,0,LVH,170,N,-0.0,Up,0
61,F,ASY,149,305,0,LVH,152,Y,1.4,Flat,1
49,M,ASY,120,173,0,Normal,131,N,0.6,Flat,1
52,F,ATA,137,222,0,Normal,131,N,-0.0,Up,0
72,M,NAP,142,244,0,Normal,114,Y,1.8,Flat,1
73,M,ASY,141,212,0,ST,112,Y,0.3,Flat,1
67,M,ASY,114,245,0,LVH,146,N,0.3,Up,1
56,M,ASY,136,21,0,Normal,107,N,0.0,Flat,1
60,M,TA,161,289,0,LVH,129,N,0.7,Up,1
42,M,TA,160,219,0,Normal,164,Y,1.2,Up,0
64,M,ASY,161,329,1,ST,118,Y,0.3,Flat,1
39,M,NAP,140,356,0,LVH,186,N,0.2,Up,0
59,M,ASY,110,13,0,LVH,104,Y,1.4,Down,1
55,M,NAP,139,305,1,LVH,136,Y,0.7,Flat,1
60,F,ASY,91,1,1,Normal,141,N,1.7,Down,1
48,M,ASY,135,199,0,Normal,128,Y,1.2,Flat,1
46,M,NAP,120,1,1,Normal,124,Y,0.2,Flat,1
74,M,ASY,159,252,1,ST,124,Y,4.6,Down,1
60,M,ASY,159,13,0,Normal,101,Y,-0.1,Flat,1
41,M,ASY,102,21,1,Normal,131,Y,-1.9,Down,1
45,F,ASY,132,295,0,Normal,142,N,0.6,Up,0
53,M,ASY,112,225,0,Normal,154,N,0.0,Up,1
65,M,NAP,116,223,1,LVH,83,Y,1.6,Flat,0
53,M,ASY,122,234,0,Normal,129,Y,2.5,Flat,1
48,M,ASY,125,215,0,LVH,187,N,0.1,Up,0
42,M,ASY,136,298,0,Normal,121,Y,0.6,Flat,1
56,M,ASY,127,251,0,LVH,119,Y,1.7,Down,1
48,M,ASY,130,294,0,ST,139,N,-0.0,Up,0
54,F,NAP,167,198,0,Normal,167,N,-0.3,Up,0
59,M,ASY,142,1,1,ST,149,Y,0.9,Flat,1
51,M,ATA,126,211,1,ST,193,N,-0.4,Up,0
49,F,ATA,149,201,0,Normal,148,Y,1.6,Flat,0
60,F,ASY,174,246,0,Normal,142,Y,0.3,Flat,1
48,F,ASY,148,214,0,Normal,136,Y,1.1,Flat,0
67,M,TA,147,270,1,Normal,125,N,2.1,Up,1
55,M,ASY,133,79,0,Normal,120,Y,1.7,Flat,1
53,M,ASY,143,240,0,Normal,144,Y,1.7,Flat,1
73,M,ASY,134,245,0,ST,108,Y,0.3,Flat,1
45,M,NAP,120,207,0,Normal,169,N,-0.0,Up,0
69,M,ASY,112,1,0,ST,102,Y,-0.1,Flat,1
63,F,NAP,151,296,0,Normal,174,N,-0.0,Up,0
59,M,ATA,141,278,1,Normal,137,N,0.9,Up,0
58,M,ASY,144,219,1,Normal,84,N,1.2,Flat,1
64,M,ASY,98,6,1,Normal,91,N,-0.8,Flat,1
55,M,ASY,140,228,0,ST,161,Y,2.3,Flat,1
45,M,ATA,123,246,0,LVH,190,N,-0.3,Up,0
72,M,NAP,166,278,0,Normal,107,Y,2.3,Flat,1
55,F,ATA,131,173,0,Normal,151,N,-0.2,Up,0
55,M,ASY,123,324,0,Normal,135,Y,3.3,Flat,1
72,M,ASY,145,225,0,Normal,106,Y,1.3,Flat,1
70,M,ASY,145,195,0,ST,132,Y,1.9,Flat,1
62,M,ASY,151,185,0,ST,86,Y,1.9,Up,1
45,M,NAP,114,1,1,Normal,103,Y,-0.3,Flat,1
59,F,ASY,103,250,0,LVH,109,N,1.0,Flat,0
47,M,NAP,150,253,0,Normal,155,N,3.1,Flat,1
55,M,ASY,141,1,0,Normal,75,N,0.1,Flat,1
55,F,ATA,139,254,0,LVH,165,N,1.5,Flat,0
61,M,TA,110,276,0,ST,158,Y,1.6,Flat,1
56,M,ATA,118,152,0,Normal,132,N,-0.4,Up,0
60,M,TA,126,252,0,ST,148,Y,1.2,Flat,1
53,F,ATA,182,329,0,Normal,131,N,-0.4,Up,0
61,M,ASY,138,204,0,Normal,158,N,-0.1,Up,1
55,M,ATA,110,29,0,Normal,105,N,0.5,Flat,1
61,M,ASY,136,1,0,ST,137,Y,0.9,Flat,1
52,M,ATA,119,222,1,Normal,149,N,-0.5,Up,0
49,M,ATA,127,196,0,Normal,115,N,-0.2,Up,0
53,M,ASY,129,260,0,Normal,119,Y,1.4,Flat,1
58,M,ASY,131,1,1,ST,130,Y,0.6,Down,1
37,M,NAP,119,8,0,Normal,132,Y,0.2,Flat,1
69,M,ASY,138,208,1,Normal,127,N,2.9,Flat,1
61,F,NAP,128,247,0,Normal,83,N,1.3,Flat,1
67,M,ASY,120,1,1,Normal,160,N,1.5,Down,1
58,M,ASY,127,268,1,LVH,115,Y,-0.2,Flat,1
57,M,NAP,161,18,0,LVH,111,Y,2.6,Flat,1
64,M,ATA,127,142,0,ST,124,N,-0.1,Up,0
64,F,NAP,161,265,0,Normal,151,N,1.1,Up,0
42,M,ATA,122,191,0,Normal,143,N,-0.2,Up,0
57,M,ASY,125,278,0,Normal,142,N,-0.1,Up,0
61,M,ASY,145,1,1,Normal,141,N,0.2,Flat,1
56,M,TA,148,262,0,LVH,111,N,0.2,Up,1
51,F,ASY,125,353,0,Normal,121,Y,1.2,Flat,0
65,F,NAP,130,266,0,Normal,175,N,-0.9,Up,0
61,M,ASY,135,294,0,LVH,168,N,0.1,Up,1
43,M,ATA,105,263,0,Normal,166,N,-0.6,Up,0
53,M,ASY,137,211,0,Normal,132,Y,1.9,Flat,1
53,F,ATA,106,478,0,Normal,132,N,-0.0,Up,0
61,M,ASY,133,298,0,ST,124,Y,-0.1,Up,0
57,M,ATA,146,252,0,Normal,164,N,0.2,Down,0
60,M,ASY,112,11,0,LVH,115,N,0.3,Flat,1
55,M,ASY,146,271,0,Normal,113,Y,0.2,Flat,0
53,M,ASY,117,137,1,LVH,126,Y,0.7,Flat,1
44,M,ASY,123,193,0,Normal,139,N,-0.0,Up,0
53,M,ASY,123,203,0,Normal,117,N,1.5,Flat,1
45,M,ASY,161,277,0,ST,161,Y,2.8,Flat,1
51,M,ASY,113,227,0,Normal,105,Y,0.5,Flat,1
30,M,ATA,156,216,0,ST,173,N,-0.5,Up,0
41,M,NAP,118,240,0,Normal,140,N,-0.1,Up,0
58,M,NAP,130,289,0,LVH,145,N,0.2,Flat,0
52,F,ATA,107,218,0,Normal,164,N,0.7,Up,0
42,M,ASY,119,262,0,ST,127,Y,0.8,Flat,1
55,F,NAP,173,194,0,Normal,158,N,-0.2,Up,0
37,M,TA,139,123,0,Normal,184,N,-0.4,Flat,1
56,M,ASY,171,194,0,LVH,124,Y,3.0,Down,1
48,F,ASY,148,177,0,Normal,104,Y,1.6,Flat,1
27,M,ASY,114,255,0,Normal,148,Y,1.2,Flat,1
39,M,NAP,144,302,0,Normal,129,N,0.3,Up,0
37,F,NAP,111,180,0,ST,176,N,0.1,Up,0
63,M,ASY,142,326,1,LVH,144,Y,2.1,Up,1
59,M,ATA,132,184,1,LVH,143,N,-0.1,Up,0
48,F,NAP,136,248,1,Normal,170,N,0.1,Flat,1
61,M,NAP,124,238,1,Normal,127,N,2.1,Flat,1
48,F,ATA,120,244,0,Normal,168,N,1.6,Up,0
57,M,ASY,132,216,0,Normal,112,Y,1.3,Down,1
64,M,ASY,138,1,0,Normal,125,Y,3.0,Flat,1
48,M,NAP,137,171,0,Normal,178,N,-0.2,Up,0
52,M,ASY,118,290,0,Normal,98,Y,1.8,Flat,1
31,F,ATA,114,217,0,Normal,172,N,0.8,Up,0
58,F,ASY,109,338,0,Normal,162,Y,0.9,Up,0
55,M,NAP,131,164,1,ST,123,Y,1.6,Flat,1
60,M,ATA,152,279,0,Normal,149,N,1.0,Up,0
53,M,ASY,138,221,0,Normal,161,N,1.3,Up,0
66,M,ASY,134,277,0,Normal,91,Y,0.3,Flat,0
49,M,NAP,82,1,1,ST,87,Y,0.4,Down,1
63,M,ASY,135,234,0,LVH,139,N,1.1,Flat,1
49,F,ASY,119,257,0,ST,112,N,-0.5,Up,0
51,M,ASY,120,307,0,ST,86,Y,3.0,Flat,0
43,M,ASY,123,15,0,Normal,113,N,0.2,Up,1
37,F,NAP,126,214,0,Normal,127,N,-0.2,Up,0
50,M,TA,108,220,0,LVH,123,Y,1.0,Up,0
55,M,ASY,137,1,0,ST,133,Y,1.3,Flat,1
49,F,ATA,162,172,0,Normal,168,N,-0.4,Up,0
49,M,ATA,127,195,0,Normal,159,N,0.3,Up,0
40,M,ATA,112,235,0,Normal,167,Y,1.2,Flat,0
40,M,ASY,118,253,0,Normal,112,N,0.1,Flat,1
47,M,ASY,132,227,0,ST,128,Y,0.9,Flat,1
37,M,ATA,155,210,0,Normal,145,N,-0.7,Up,0
67,M,ASY,137,1,0,ST,124,Y,-0.2,Up,1
60,M,NAP,126,228,0,ST,126,Y,1.1,Flat,1
64,M,ASY,162,36,1,ST,121,N,1.3,Flat,1
50,M,ASY,154,3,1,ST,137,Y,1.7,Flat,1
48,M,ASY,152,253,0,Normal,157,N,0.1,Flat,1
62,M,ASY,141,160,0,Normal,123,N,0.7,Up,0
47,M,ASY,106,28,1,ST,173,N,-0.2,Flat,1
55,M,ASY,124,1,1,Normal,112,N,-0.2,Flat,1
44,M,ASY,104,255,0,LVH,164,N,0.4,Up,1
54,F,ASY,189,270,1,LVH,137,Y,4.1,Down,1
54,M,ATA,108,188,1,ST,172,N,0.3,Up,0
39,M,ATA,113,232,0,Normal,157,N,0.6,Up,0
59,M,ATA,111,265,0,Normal,136,N,0.5,Up,1
48,M,NAP,116,1,1,Normal,120,Y,-0.1,Flat,1
59,M,TA,118,274,0,ST,146,Y,1.1,Flat,1
59,M,ASY,100,250,0,Normal,124,N,1.5,Flat,1
48,M,ASY,143,264,0,LVH,136,N,2.7,Flat,1
40,M,ASY,132,200,0,Normal,134,Y,1.5,Flat,1
60,M,ATA,144,226,0,ST,124,N,0.4,Up,0
71,M,TA,127,170,1,ST,126,N,0.5,Up,0
52,M,ASY,137,237,0,Normal,163,Y,0.2,Up,1
51,M,ATA,119,160,0,Normal,135,N,0.3,Up,0
68,M,ASY,136,1,0,ST,99,Y,1.8,Flat,1
47,M,NAP,104,115,0,LVH,139,N,1.0,Up,1
55,M,ASY,115,6,0,Normal,131,N,0.7,Up,1
62,M,NAP,125,182,0,LVH,81,N,0.6,Up,0
53,M,ASY,109,3,0,ST,86,N,-0.1,Up,1
28,M,TA,99,1,1,Normal,125,N,0.8,Up,1
58,M,ASY,131,118,0,Normal,122,N,-0.5,Flat,1
47,M,ASY,123,12,0,Normal,117,N,-0.0,Up,0
55,M,ASY,102,46,1,Normal,190,N,0.5,Down,1
52,M,ASY,112,180,1,Normal,112,Y,2.0,Flat,1
30,M,ASY,121,526,0,Normal,135,N,0.1,Flat,1
63,M,TA,173,259,0,LVH,132,N,-0.3,Up,1
65,M,ASY,132,160,0,Normal,140,N,0.4,Up,0
38,M,TA,123,217,0,Normal,185,Y,4.3,Flat,1
35,M,ASY,116,235,0,Normal,145,N,0.7,Flat,1
40,M,NAP,107,240,0,Normal,183,N,-0.3,Up,0
45,M,ASY,113,305,0,LVH,179,N,0.3,Up,0
50,M,ASY,139,8,1,Normal,123,Y,2.0,Flat,1
62,M,ASY,111,210,1,Normal,158,Y,1.5,Up,1
64,M,NAP,116,206,1,LVH,93,Y,1.7,Flat,0
42,F,ATA,137,250,0,Normal,106,N,-0.3,Up,0
42,M,ASY,120,191,0,Normal,125,Y,0.8,Flat,1
60,M,NAP,109,213,0,LVH,138,N,-0.2,Up,0
40,F,ATA,115,279,0,Normal,152,N,-0.1,Up,0
49,M,ASY,121,1,0,Normal,118,Y,1.0,Flat,1
49,M,NAP,131,156,0,Normal,126,Y,0.9,Flat,1
60,M,ASY,117,25,1,Normal,114,N,1.0,Flat,1
57,M,ATA,122,194,0,ST,131,N,-0.5,Up,0
58,M,ASY,107,245,0,Normal,145,N,0.6,Up,1
50,M,ASY,129,231,0,Normal,125,Y,1.8,Flat,1
36,F,NAP,114,231,0,Normal,158,N,-0.1,Up,0
55,M,ASY,123,1,0,Normal,104,N,-0.6,Flat,1
57,M,ASY,100,164,0,Normal,123,Y,1.4,Flat,0
45,F,ASY,154,252,0,LVH,151,Y,0.3,Flat,0
72,M,NAP,119,194,0,Normal,104,Y,1.1,Flat,1
60,M,ASY,145,213,0,ST,157,Y,2.0,Flat,1
51,F,ATA,116,275,0,Normal,137,N,1.0,Flat,0
65,M,NAP,122,5,1,ST,167,N,2.9,Flat,0
43,M,ASY,108,294,0,LVH,98,Y,1.1,Flat,1
35,M,NAP,132,178,0,ST,164,N,-0.4,Up,0
57,M,NAP,146,199,0,Normal,106,N,0.2,Up,0
39,M,ASY,143,1,1,Normal,139,Y,1.0,Flat,1
45,M,ASY,143,311,0,LVH,144,Y,-0.2,Flat,1
60,M,ASY,152,191,0,Normal,171,N,0.3,Up,1
56,F,ASY,213,284,1,LVH,142,Y,4.0,Down,1
34,M,ATA,153,316,0,Normal,165,N,0.4,Up,0
51,M,NAP,110,4,0,Normal,112,N,0.7,Flat,1
56,M,ATA,130,270,0,Normal,134,N,-0.1,Up,1
62,M,ASY,106,1,1,Normal,78,Y,-0.2,Flat,1
59,M,ASY,102,20,1,Normal,105,Y,2.5,Down,1
61,M,ATA,130,232,1,ST,121,Y,0.9,Flat,1
61,F,ASY,119,318,0,Normal,126,N,1.8,Flat,0
35,M,TA,146,160,0,Normal,173,N,-0.2,Flat,1
63,M,ASY,137,318,0,Normal,127,Y,1.0,Flat,1
61,F,ASY,131,355,0,LVH,170,N,-0.1,Up,1
51,F,ATA,89,214,0,Normal,155,N,-0.1,Up,0
39,M,ASY,126,271,0,Normal,128,N,0.3,Up,0
65,F,ASY,88,18,1,Normal,157,N,0.4,Down,1
45,M,ASY,146,191,0,ST,125,N,-0.3,Up,0
65,F,NAP,143,255,0,Normal,145,N,1.0,Up,0
54,M,ASY,139,247,0,Normal,95,Y,2.2,Flat,1
54,M,ASY,97,1,0,Normal,124,Y,0.1,Flat,1
58,M,ASY,143,291,0,Normal,146,Y,2.2,Flat,0
56,M,ASY,119,1,1,ST,151,Y,1.5,Flat,1
64,M,ASY,151,258,1,ST,90,Y,2.0,Flat,1
62,M,ASY,137,199,0,Normal,147,N,-0.4,Up,1
56,M,ASY,116,1,1,Normal,108,N,0.3,Flat,1
60,M,ASY,138,451,1,Normal,81,N,1.6,Down,0
52,M,ASY,144,1,1,Normal,114,N,-0.3,Flat,1
49,M,NAP,95,221,0,Normal,134,Y,1.2,Flat,0
60,M,ASY,137,213,0,Normal,102,N,0.4,Up,0
70,M,ASY,130,193,0,ST,129,Y,2.0,Flat,1
52,M,ASY,119,245,1,ST,111,N,-0.6,Flat,1
58,F,ATA,146,188,0,Normal,126,N,0.2,Up,0
54,M,ASY,129,1,1,Normal,133,N,1.2,Up,1
43,M,ASY,158,238,0,Normal,164,N,1.1,Up,0
66,M,ASY,108,8,1,Normal,108,N,-1.5,Flat,1
45,M,TA,103,235,0,Normal,142,N,1.6,Flat,1
49,M,ATA,108,243,0,Normal,171,N,-0.3,Up,0
42,F,ATA,150,184,0,Normal,156,N,0.1,Up,0
75,M,NAP,137,258,1,Normal,103,N,0.2,Flat,1
56,M,ATA,139,333,0,Normal,151,N,0.1,Up,0
41,M,ASY,116,213,1,Normal,128,Y,1.1,Flat,1
39,M,ATA,124,225,0,Normal,141,N,0.1,Up,0
47,F,ATA,142,275,0,Normal,140,N,1.0,Up,0
58,F,ATA,137,295,1,LVH,155,N,-0.3,Up,1
59,M,NAP,136,202,0,ST,130,Y,0.9,Flat,1
73,F,NAP,160,197,0,ST,114,N,1.1,Flat,0
41,M,NAP,140,207,0,Normal,127,N,-0.0,Up,0
49,M,ASY,114,54,0,Normal,136,N,0.2,Flat,1
60,F,ASY,148,250,0,LVH,180,N,3.0,Flat,1
53,F,ATA,148,239,0,Normal,134,N,0.1,Up,0
51,M,ASY,123,207,0,LVH,187,N,-0.3,Up,0
48,M,ASY,122,223,0,Normal,98,Y,-0.8,Flat,1
55,M,ATA,124,263,0,Normal,99,N,-0.3,Up,0
49,M,ASY,156,337,0,LVH,114,Y,0.5,Up,1
64,F,ASY,119,302,0,Normal,136,N,1.7,Flat,0
33,M,ATA,116,236,0,Normal,160,N,0.1,Up,0
52,M,ASY,121,1,1,Normal,114,N,1.5,Up,1
40,M,ASY,107,310,0,Normal,95,Y,2.2,Down,1
52,M,ASY,196,1,1,Normal,146,N,1.7,Flat,1
50,M,NAP,126,101,0,LVH,123,N,1.5,Up,1
60,F,ATA,188,428,0,Normal,126,Y,1.3,Flat,1
57,M,ASY,130,168,0,LVH,103,Y,2.5,Flat,1
69,M,ASY,118,172,0,Normal,130,N,0.3,Up,0
59,M,ASY,138,33,0,Normal,105,Y,-0.4,Flat,1
52,M,ASY,146,198,0,Normal,132,Y,2.8,Flat,1
61,M,ATA,143,214,1,ST,118,Y,1.2,Flat,1
59,M,ASY,135,275,0,LVH,174,N,-0.2,Up,1
39,M,TA,118,198,0,Normal,192,Y,3.4,Flat,1
66,M,ASY,111,258,0,Normal,141,N,1.6,Up,1
57,M,TA,171,295,0,LVH,153,N,-0.2,Flat,1
68,F,ASY,185,234,1,Normal,161,Y,0.5,Flat,1
27,M,ATA,118,194,0,LVH,189,N,-0.4,Up,0
45,M,ASY,126,175,0,Normal,119,Y,0.9,Flat,1
58,M,ASY,160,294,0,Normal,96,Y,2.2,Flat,1
71,M,ASY,132,9,1,Normal,150,Y,1.9,Flat,1
49,M,ATA,83,162,0,Normal,116,N,0.2,Up,0
57,M,ATA,119,323,0,LVH,166,N,2.0,Flat,1
46,F,ASY,122,254,0,LVH,145,N,-0.2,Up,0
38,M,ASY,123,254,0,Normal,118,N,-0.5,Up,0
56,F,ASY,133,196,0,Normal,123,N,0.4,Flat,0
54,M,ASY,168,267,0,Normal,101,Y,1.4,Flat,1
78,M,ASY,170,212,1,ST,115,N,0.3,Flat,1
51,F,ASY,118,255,0,LVH,172,N,0.1,Up,0
60,F,ASY,170,224,0,Normal,143,Y,0.4,Flat,1
61,M,ATA,124,175,1,LVH,138,N,0.6,Up,0
42,F,NAP,110,216,0,ST,127,N,-0.2,Up,0
58,M,ASY,104,28,0,ST,103,Y,-0.5,Down,1
60,M,NAP,151,318,1,ST,120,Y,1.6,Flat,1
51,M,ASY,145,259,0,LVH,126,N,3.0,Flat,1
67,M,ASY,154,404,1,ST,143,Y,0.2,Flat,1
34,M,ASY,117,287,0,LVH,155,Y,-0.7,Up,1
59,M,ASY,156,154,0,ST,149,Y,-0.3,Flat,1
56,M,ASY,154,297,0,LVH,157,N,0.8,Flat,1
57,M,ASY,127,222,0,Normal,132,N,-0.6,Flat,1
57,M,ASY,127,11,1,Normal,97,Y,0.3,Flat,1
43,M,TA,137,287,1,Normal,181,N,2.7,Flat,1
54,M,ASY,117,215,0,Normal,129,N,1.9,Flat,1
53,M,NAP,138,193,1,LVH,148,N,1.5,Down,0
60,M,ASY,132,221,0,ST,135,N,1.0,Flat,0
46,F,ATA,115,283,0,Normal,127,N,0.1,Up,0
44,M,ASY,111,234,0,Normal,155,N,-0.0,Up,0
48,M,ATA,156,216,0,Normal,168,N,-0.1,Up,0
42,M,ATA,133,221,0,Normal,170,N,0.2,Up,0
70,M,ASY,149,172,0,Normal,124,Y,2.9,Down,1
60,M,ASY,133,189,0,LVH,142,Y,2.4,Flat,1
65,M,ASY,109,343,1,LVH,138,Y,1.9,Up,1
54,M,NAP,132,189,0,ST,136,N,0.2,Up,0
63,M,ASY,158,237,1,ST,121,Y,0.9,Flat,1
71,M,NAP,171,37,0,LVH,98,N,1.9,Flat,0
35,M,TA,103,202,0,LVH,169,N,-0.4,Up,0
57,M,ATA,137,271,1,Normal,142,N,0.2,Up,0
44,F,ATA,110,274,0,Normal,127,N,0.3,Up,0
61,F,ASY,144,291,0,ST,122,Y,0.6,Flat,0
66,F,ASY,202,40,0,Normal,152,Y,0.8,Flat,1
57,M,ASY,134,230,0,ST,151,Y,2.7,Flat,1
56,F,ATA,120,258,0,Normal,146,N,1.5,Flat,0
53,F,NAP,89,162,0,Normal,119,N,-0.4,Up,0
65,M,ASY,151,395,1,ST,133,Y,0.3,Flat,1
65,M,ASY,122,215,1,LVH,80,Y,-0.3,Flat,1
55,M,TA,159,269,1,Normal,190,N,0.5,Flat,0
60,F,ASY,114,347,1,ST,121,Y,1.7,Flat,1
49,M,ASY,122,207,0,Normal,171,N,0.7,Up,1
54,F,ATA,130,331,0,Normal,161,N,0.1,Up,0
44,M,NAP,108,237,0,Normal,149,Y,1.2,Flat,0
56,M,ASY,142,1,1,Normal,96,Y,0.2,Flat,1
65,F,ASY,156,13,1,Normal,89,N,0.1,Flat,1
49,M,ATA,154,265,0,Normal,171,Y,-0.9,Up,0
41,F,ASY,130,332,1,LVH,132,Y,3.1,Flat,1
41,F,NAP,149,243,0,Normal,166,N,-0.1,Up,0
65,F,NAP,162,292,0,Normal,157,N,1.3,Up,0
42,F,ATA,115,300,0,Normal,166,N,0.1,Up,0
67,F,ASY,176,255,1,Normal,173,Y,1.3,Flat,1
59,M,ATA,120,297,0,Normal,147,N,0.1,Up,1
44,M,ASY,134,476,0,Normal,152,N,-0.3,Flat,1
62,M,TA,149,142,1,ST,109,N,1.5,Down,1
60,M,ASY,164,21,1,ST,139,N,0.9,Flat,1
53,M,NAP,149,168,1,ST,164,N,0.8,Up,0
62,M,ATA,132,1,0,Normal,126,N,0.0,Up,0
68,M,ASY,150,1,0,Normal,126,Y,2.6,Flat,1
55,M,ASY,118,1,1,Normal,109,N,1.2,Up,1
66,M,ASY,161,26,1,ST,120,N,1.5,Flat,1
46,M,ASY,138,314,0,Normal,124,Y,1.7,Flat,1
54,F,ASY,133,435,0,LVH,149,Y,1.8,Flat,1
41,M,ASY,107,247,1,Normal,129,Y,1.4,Flat,1
63,M,ASY,141,248,0,LVH,135,N,1.1,Flat,1
74,F,ATA,114,261,0,LVH,138,Y,-0.6,Up,0
60,M,ASY,138,294,1,LVH,106,Y,1.3,Down,1
58,M,ASY,135,185,0,Normal,133,N,0.1,Up,0
57,M,NAP,150,20,0,ST,103,N,-0.1,Flat,1
58,M,ASY,130,1,0,ST,118,Y,-1.5,Down,1
51,M,ATA,138,228,0,Normal,155,N,0.4,Up,0
66,M,NAP,142,296,0,Normal,101,Y,1.4,Flat,1
55,F,ASY,206,280,1,LVH,154,Y,4.1,Down,1
61,M,ASY,118,1,0,Normal,118,Y,2.1,Up,0
61,M,NAP,130,1,0,ST,109,Y,-0.5,Flat,1
34,M,ASY,121,277,0,LVH,147,Y,0.1,Up,1
61,M,ATA,146,296,0,Normal,129,N,0.6,Up,0
78,F,NAP,134,222,0,ST,118,N,1.5,Flat,0
36,M,NAP,135,134,0,ST,136,N,0.2,Up,0
54,F,NAP,107,178,0,Normal,119,N,0.2,Up,0
56,M,ASY,132,177,0,LVH,114,Y,1.5,Flat,1
48,F,NAP,136,223,0,ST,128,N,-0.0,Up,0
61,M,ASY,130,192,1,Normal,87,N,1.2,Flat,1
65,M,ASY,126,254,0,Normal,104,Y,0.6,Flat,0
36,M,ASY,130,287,0,Normal,155,N,0.4,Up,0
45,M,ASY,117,248,0,ST,135,Y,0.7,Flat,0
53,M,ATA,105,211,1,ST,170,N,0.4,Up,0
61,F,ASY,173,236,0,Normal,147,Y,0.1,Flat,1
61,M,ASY,158,165,0,ST,143,Y,0.3,Flat,1
44,M,NAP,127,249,0,Normal,160,N,-0.6,Up,0
55,M,ASY,139,181,0,Normal,123,Y,2.2,Flat,1
58,M,ASY,144,294,1,ST,149,Y,2.0,Flat,1
53,M,ATA,119,281,1,Normal,129,N,-0.9,Up,0
56,M,NAP,158,213,1,ST,93,N,0.1,Flat,1
52,M,ATA,133,214,0,Normal,170,N,1.0,Up,0
66,M,ASY,124,262,0,LVH,127,N,3.2,Flat,1
78,M,ASY,117,303,0,LVH,152,Y,-0.2,Up,1
56,M,ASY,131,215,0,Normal,103,N,0.1,Up,0
63,M,ATA,137,225,1,LVH,139,N,0.2,Up,0
56,F,ASY,180,370,0,ST,125,Y,0.4,Flat,0
53,M,NAP,116,280,0,LVH,151,N,0.7,Flat,0
74,M,NAP,114,89,0,LVH,126,N,3.6,Down,1
60,M,ASY,168,199,0,LVH,119,Y,2.8,Down,1
54,M,ASY,130,1,1,Normal,120,N,0.0,Flat,1
52,F,ASY,153,288,0,Normal,167,Y,1.0,Flat,1
55,M,ATA,116,178,0,Normal,142,N,0.3,Up,0
52,F,ATA,120,221,0,Normal,179,N,-0.1,Up,0
57,M,NAP,117,11,1,Normal,144,N,2.5,Up,1
59,M,ASY,128,181,1,ST,132,Y,0.3,Flat,1
44,M,ATA,134,325,0,LVH,179,N,-0.3,Up,0
51,F,ATA,121,471,0,Normal,128,N,0.1,Up,0
54,M,ATA,125,173,0,Normal,95,N,-0.3,Up,0
73,M,TA,147,202,1,Normal,114,Y,2.1,Flat,1
49,M,ATA,137,232,0,Normal,142,N,0.2,Up,0
68,M,ASY,137,367,0,Normal,118,Y,1.6,Flat,1
52,M,NAP,138,195,0,Normal,174,N,0.1,Up,0
53,M,ATA,131,117,0,Normal,139,Y,-0.3,Up,0
71,M,ASY,132,1,1,Normal,157,Y,1.4,Flat,1
51,M,ATA,165,241,0,ST,111,N,-0.2,Up,0
59,F,TA,154,212,0,Normal,154,N,0.9,Up,0
45,M,NAP,109,246,0,Normal,168,N,0.2,Up,0
57,M,NAP,145,154,0,Normal,168,N,1.7,Up,0
42,M,ASY,100,1,1,ST,126,N,-2.3,Flat,1
37,M,ATA,111,190,0,Normal,162,Y,0.7,Flat,0
56,M,NAP,183,248,0,Normal,106,N,-0.1,Up,0
51,M,ASY,141,230,1,ST,137,N,0.8,Up,0
34,F,ATA,117,194,0,Normal,203,N,0.0,Up,0
56,M,ASY,163,252,1,LVH,118,N,0.8,Flat,1
59,F,ASY,183,293,0,ST,116,Y,3.0,Flat,1
44,F,ASY,116,330,1,LVH,136,Y,2.9,Flat,1
58,M,ATA,128,248,0,Normal,150,N,0.1,Up,1
59,F,ATA,165,294,1,Normal,121,Y,0.2,Up,0
60,F,ASY,119,1,1,ST,124,Y,1.8,Down,1
49,F,ATA,123,199,0,Normal,151,N,-0.5,Up,0
65,M,ASY,150,333,0,LVH,106,Y,1.5,Flat,1
62,F,TA,163,258,0,Normal,123,N,2.6,Down,0
67,M,ASY,148,181,0,ST,105,Y,2.3,Flat,1
56,M,NAP,113,260,0,Normal,139,Y,1.9,Up,0
77,M,ASY,129,154,0,ST,114,Y,2.2,Up,1
56,M,NAP,151,216,0,ST,134,N,-0.4,Flat,1
31,M,ASY,123,505,0,Normal,123,N,-0.0,Flat,1
57,M,NAP,119,263,0,LVH,165,N,0.5,Flat,1
57,M,ASY,130,1,1,ST,159,Y,0.8,Flat,1
55,M,ASY,120,601,1,Normal,124,Y,1.2,Flat,1
59,M,ASY,120,233,0,Normal,127,Y,0.7,Flat,0
55,M,TA,112,193,0,LVH,157,N,2.1,Flat,0
59,M,ATA,161,275,1,ST,158,N,0.3,Flat,1
66,M,ASY,128,239,0,LVH,122,N,2.8,Flat,1
58,M,ASY,146,249,0,LVH,111,Y,1.1,Flat,1
47,M,ASY,144,260,0,ST,153,N,-0.2,Up,0
58,M,ATA,121,284,0,Normal,168,N,0.1,Down,0
59,F,ATA,126,249,0,LVH,166,N,0.3,Flat,1
56,M,ASY,111,251,0,Normal,105,Y,0.1,Flat,1
71,M,ASY,105,217,0,Normal,72,N,0.4,Flat,1
52,M,NAP,123,221,0,ST,131,N,0.7,Up,0
53,F,NAP,121,247,0,Normal,132,N,-0.1,Up,0
70,M,ASY,153,143,0,Normal,112,Y,2.4,Down,1
63,F,NAP,131,241,0,LVH,178,N,-0.1,Up,0
62,M,TA,158,272,1,LVH,142,N,2.2,Down,0
59,M,ATA,114,292,0,LVH,93,Y,-0.4,Flat,1
46,F,ASY,128,229,0,Normal,87,N,0.1,Up,0
39,M,ASY,95,1,0,ST,125,N,-0.2,Up,0
69,M,NAP,150,238,0,LVH,127,N,0.5,Up,0
54,M,ASY,137,87,0,Normal,156,N,0.2,Up,0
58,M,ASY,146,3,0,ST,103,Y,1.1,Flat,1
55,F,ATA,127,410,0,LVH,161,N,-0.1,Up,0
58,M,NAP,170,229,1,ST,90,N,-0.3,Flat,1
53,M,NAP,128,255,0,ST,173,N,-0.5,Up,0
50,M,ASY,115,249,0,ST,150,Y,1.8,Flat,0
57,M,ATA,130,222,0,Normal,185,N,1.0,Up,0
60,M,ASY,179,11,1,LVH,124,Y,-0.2,Flat,1
37,M,ATA,124,190,0,Normal,157,Y,1.6,Flat,0
53,M,NAP,144,285,0,Normal,127,Y,1.5,Up,0
58,M,ATA,136,264,1,Normal,146,N,-0.5,Up,0
53,M,ASY,150,161,0,ST,161,N,-0.3,Up,0
54,M,NAP,166,16,0,LVH,118,Y,2.5,Flat,1
61,M,ASY,123,1,1,Normal,71,N,2.1,Flat,1
65,M,ASY,152,291,0,LVH,106,Y,1.7,Flat,1
59,F,ATA,129,293,1,Normal,127,Y,0.2,Up,0
31,M,ATA,123,225,0,Normal,148,N,-0.5,Up,0
69,M,ASY,161,376,1,ST,137,Y,0.1,Flat,1
54,M,ATA,116,229,0,Normal,182,N,1.2,Up,0
48,M,ASY,133,178,1,LVH,126,Y,1.1,Flat,1
58,M,NAP,151,279,0,Normal,141,Y,1.0,Up,0
56,M,ATA,139,217,0,Normal,138,N,-0.2,Up,0
50,F,ASY,157,309,0,Normal,163,Y,1.3,Flat,1
35,M,NAP,153,281,0,Normal,133,N,-0.4,Up,0
31,M,ASY,120,532,0,Normal,113,N,0.1,Flat,1
57,M,ASY,122,350,0,Normal,156,Y,3.0,Flat,1
58,M,ASY,133,208,0,LVH,113,Y,2.5,Flat,1
36,M,NAP,143,289,0,Normal,127,N,-0.2,Up,0
50,M,ATA,126,183,0,Normal,162,N,-0.2,Up,0
40,M,NAP,127,287,0,LVH,169,N,-0.4,Up,0
31,M,NAP,97,333,0,Normal,203,N,1.2,Flat,0
58,M,TA,123,146,0,LVH,155,N,1.8,Flat,0
33,M,ATA,139,300,0,Normal,158,N,-0.3,Up,0
61,F,ASY,160,270,0,LVH,159,N,2.3,Flat,1
63,M,ASY,100,1,1,Normal,96,N,-0.7,Flat,1
63,M,ATA,137,261,0,Normal,127,N,-0.1,Up,0
64,F,NAP,128,273,0,LVH,180,N,-0.4,Up,0
48,F,ASY,135,242,0,LVH,147,N,0.7,Flat,0
56,M,ASY,164,1,1,ST,102,Y,-0.1,Flat,1
64,F,NAP,132,298,0,Normal,133,N,0.5,Up,0
57,F,ASY,130,356,0,Normal,159,Y,0.5,Up,0
61,M,ASY,148,294,0,LVH,142,Y,2.8,Flat,1
52,M,ASY,148,267,0,LVH,122,N,2.7,Flat,1
63,M,ASY,155,21,1,ST,73,N,2.5,Flat,1
42,M,ATA,120,198,0,Normal,150,N,0.5,Up,0
44,M,NAP,127,275,1,Normal,169,N,0.4,Up,0
68,M,ASY,130,1,0,ST,112,Y,1.4,Flat,1
53,M,ASY,137,146,0,Normal,156,N,-0.3,Flat,1
58,M,ASY,125,173,1,ST,133,Y,0.8,Flat,1
61,M,ASY,152,277,0,LVH,160,N,1.7,Flat,1
58,M,ASY,126,210,0,ST,118,Y,2.4,Down,1
61,M,ASY,126,241,0,Normal,157,Y,3.6,Flat,1
50,M,NAP,126,1,0,Normal,89,N,0.3,Flat,0
45,F,ASY,159,239,0,Normal,129,Y,1.3,Flat,0
59,M,ASY,133,34,0,Normal,84,N,0.1,Flat,1
52,M,ASY,129,211,0,Normal,115,Y,0.1,Flat,1
56,M,ASY,145,160,1,LVH,136,Y,0.5,Flat,1
65,M,ASY,128,292,0,Normal,147,Y,1.7,Flat,1
59,M,ASY,138,286,0,LVH,186,N,-0.2,Up,0
49,M,NAP,151,1,0,Normal,125,Y,0.8,Flat,1
39,M,TA,117,217,0,Normal,187,Y,3.2,Flat,1
66,M,ASY,134,191,0,Normal,147,N,0.5,Up,0
51,M,ASY,136,368,0,LVH,133,Y,1.0,Up,1
54,M,ASY,116,243,0,Normal,133,Y,2.3,Flat,1
64,M,ASY,138,1,1,Normal,138,Y,1.3,Up,1
71,F,TA,145,244,0,Normal,161,N,2.3,Up,0
34,M,ASY,147,310,0,Normal,153,N,0.5,Up,0
47,M,ASY,96,1,1,ST,140,N,-2.9,Flat,1
45,M,ASY,116,293,0,Normal,187,N,0.7,Flat,0
67,F,NAP,150,287,0,Normal,163,N,1.1,Up,0
61,M,TA,121,5,1,LVH,126,N,-0.3,Flat,1
48,M,ASY,96,261,0,ST,144,N,0.5,Up,0
58,M,ASY,137,211,0,LVH,100,Y,2.3,Flat,1
72,M,ASY,123,9,1,Normal,154,N,0.8,Down,1
64,M,ASY,120,292,0,LVH,149,N,0.5,Flat,0
55,M,ASY,112,21,1,ST,86,N,-0.8,Up,1
42,M,ATA,135,216,0,Normal,127,N,0.4,Up,0
63,M,ASY,136,275,0,ST,134,N,1.0,Flat,0
59,M,NAP,141,249,1,Normal,139,Y,1.3,Flat,0
56,F,TA,144,14,1,Normal,144,N,-0.2,Flat,1
53,M,TA,137,177,0,Normal,153,N,1.6,Up,0
53,M,ASY,147,1,1,Normal,125,Y,2.2,Flat,1
59,F,ASY,138,253,0,LVH,160,N,2.3,Flat,1
66,F,TA,156,199,0,Normal,117,N,0.5,Up,0
68,M,ASY,141,10,0,Normal,132,Y,2.4,Flat,1
67,F,ASY,179,348,0,Normal,172,Y,0.2,Up,0
47,M,ASY,89,6,1,ST,134,N,-2.5,Flat,1
64,M,NAP,163,1,0,Normal,67,Y,-0.1,Flat,1
54,F,ASY,130,257,0,LVH,158,N,0.1,Flat,0
56,M,ATA,135,155,0,Normal,130,N,-0.7,Up,0
50,M,ASY,138,374,0,ST,112,Y,2.3,Flat,1
46,M,NAP,139,225,0,Normal,138,N,-0.1,Up,0
40,M,ASY,100,292,0,Normal,122,N,0.4,Up,0
53,M,ASY,122,208,1,Normal,98,Y,1.7,Flat,1
75,M,ASY,161,316,0,Normal,109,Y,1.7,Down,1
58,M,ASY,159,363,0,ST,133,N,0.5,Up,0
68,M,NAP,134,255,0,LVH,135,N,0.5,Up,0
67,M,ASY,112,242,0,Normal,145,N,0.7,Up,1
68,M,ASY,129,341,1,Normal,92,Y,2.2,Flat,1
50,M,ATA,109,231,0,Normal,161,N,1.0,Down,1
54,M,ASY,187,23,1,Normal,157,N,0.5,Flat,1
48,M,ASY,121,288,0,ST,123,Y,2.7,Flat,0
44,M,ASY,118,167,0,Normal,123,Y,0.7,Flat,1
54,F,ATA,127,327,1,LVH,155,N,-0.2,Up,1
54,M,ASY,123,1,0,Normal,97,N,-0.1,Up,0
43,M,ASY,146,224,1,LVH,151,Y,-0.1,Flat,1
60,M,ATA,126,216,0,Normal,158,N,0.1,Flat,0
44,M,ASY,132,323,0,Normal,123,Y,1.4,Flat,1
64,M,TA,139,260,1,Normal,120,N,2.8,Up,1
55,M,ASY,127,160,0,Normal,117,Y,0.4,Flat,1
72,M,ASY,152,120,1,LVH,127,N,1.4,Flat,1
49,M,ASY,155,391,0,LVH,117,Y,1.0,Up,1
59,M,NAP,124,1,1,Normal,180,N,2.2,Flat,1
59,F,NAP,135,284,0,Normal,132,N,0.0,Up,0
52,M,ASY,139,336,0,ST,133,Y,2.6,Flat,1
59,M,ATA,140,247,1,Normal,143,N,-0.1,Up,0
50,M,NAP,129,249,1,Normal,168,N,0.1,Up,0
56,M,ASY,159,298,0,ST,116,Y,1.6,Flat,1
60,M,ASY,132,220,0,LVH,127,Y,2.0,Flat,1
61,M,ASY,150,240,1,ST,104,Y,0.4,Flat,1
55,M,ASY,157,270,0,Normal,110,Y,1.9,Flat,1
67,F,NAP,163,294,0,Normal,164,N,1.4,Up,0
66,M,NAP,109,293,0,Normal,158,N,1.1,Up,0
56,M,TA,130,182,0,LVH,163,N,2.6,Flat,0
53,M,ASY,138,226,0,Normal,94,N,1.9,Flat,1
67,F,ASY,135,286,0,Normal,142,Y,1.1,Flat,1
55,M,ASY,127,208,0,Normal,116,N,1.7,Flat,1
47,M,ASY,118,218,0,LVH,157,N,0.6,Up,1
43,F,NAP,132,169,0,Normal,160,N,0.2,Flat,0
63,M,ASY,163,268,1,ST,91,Y,2.1,Flat,1
37,M,ASY,132,321,0,Normal,151,N,-0.2,Up,0
37,M,NAP,127,315,0,Normal,170,N,0.3,Up,0
36,M,ASY,134,21,1,Normal,170,N,0.0,Flat,1
60,M,ASY,151,285,0,LVH,150,Y,3.1,Flat,1
65,M,ASY,155,27,0,ST,122,Y,0.7,Flat,1
46,M,ASY,117,297,0,LVH,159,N,0.3,Up,1
60,M,ASY,111,314,0,Normal,138,Y,3.2,Flat,1
59,M,ASY,140,292,1,LVH,105,Y,2.0,Down,1
45,M,NAP,129,266,0,Normal,187,N,0.3,Up,0
34,M,ATA,120,297,0,LVH,183,N,-0.0,Up,0
54,M,ASY,138,231,0,ST,108,Y,2.9,Flat,0
74,M,ASY,150,2,0,ST,102,Y,2.2,Flat,1
75,M,ASY,160,103,1,LVH,138,N,1.4,Flat,1
46,M,ASY,126,231,0,ST,118,N,0.3,Up,0
62,F,ATA,144,1,0,Normal,122,N,-0.0,Up,0
58,M,ASY,166,34,1,Normal,154,N,-0.3,Flat,1
56,M,ATA,113,166,0,Normal,138,N,-0.4,Up,0
52,M,NAP,117,240,0,Normal,138,Y,1.6,Flat,1
60,M,NAP,123,29,1,Normal,152,Y,2.2,Up,1
57,M,ASY,110,179,0,LVH,91,N,0.1,Up,0
67,M,ASY,145,190,0,ST,133,Y,0.9,Flat,1
40,M,ASY,121,229,1,Normal,133,Y,1.1,Flat,1
54,M,NAP,152,198,1,Normal,155,N,1.3,Up,0
51,M,ASY,147,248,0,LVH,121,N,2.8,Flat,1
51,M,ATA,127,258,0,Normal,124,N,0.1,Up,0
60,M,ATA,170,265,1,ST,158,N,0.3,Flat,1
55,M,ASY,148,227,0,Normal,119,Y,5.8,Down,1
61,F,ASY,148,240,0,Normal,149,Y,1.4,Flat,1
65,M,ASY,136,234,0,LVH,164,N,1.2,Flat,1
43,M,TA,141,293,1,Normal,160,N,1.9,Flat,1
57,M,ASY,110,15,0,LVH,93,Y,2.0,Down,1
61,M,ASY,165,1,1,Normal,163,N,0.9,Flat,1
53,M,ATA,133,156,0,ST,145,N,0.2,Up,0
58,F,ATA,161,279,1,Normal,123,Y,0.0,Up,0
72,F,ATA,172,313,0,Normal,165,N,-0.1,Up,0
67,F,NAP,161,275,0,Normal,153,N,1.4,Up,0
39,M,ATA,122,220,0,Normal,147,N,0.4,Up,0
58,M,ATA,141,264,0,Normal,144,N,1.3,Up,0
47,M,ASY,112,259,0,Normal,132,Y,0.2,Flat,1
59,F,ASY,136,262,0,Normal,159,Y,1.4,Flat,1
42,M,ATA,113,146,0,Normal,193,N,-0.0,Up,0
51,M,ASY,123,286,0,Normal,109,Y,2.2,Flat,1
44,M,ASY,93,207,0,ST,143,Y,0.8,Flat,0
66,F,NAP,111,553,0,LVH,150,N,1.5,Flat,0
60,M,ASY,128,20,1,ST,144,Y,1.3,Down,1
44,F,ASY,130,283,0,Normal,136,N,-0.3,Up,0
62,M,TA,137,216,1,ST,103,N,1.3,Down,1
59,M,ASY,157,1,0,ST,97,Y,0.6,Flat,1
71,M,ASY,151,1,0,ST,101,Y,2.1,Flat,1
68,M,ASY,145,216,0,ST,128,Y,2.3,Flat,1
47,M,ATA,106,264,0,Normal,170,N,1.4,Down,1
51,M,ASY,129,159,0,Normal,152,N,0.0,Up,0
35,M,TA,120,244,0,Normal,175,Y,4.3,Flat,1
61,F,ASY,144,279,0,LVH,156,N,2.0,Flat,1
52,M,ASY,124,168,0,Normal,142,N,0.7,Up,0
50,M,ASY,148,194,0,Normal,128,Y,3.8,Flat,1
34,M,ATA,147,267,0,Normal,167,N,0.2,Up,0
47,M,NAP,131,157,0,Normal,187,N,0.3,Up,0
58,F,ATA,135,241,0,LVH,159,N,1.4,Flat,0
51,M,ATA,111,234,0,Normal,125,N,-0.1,Up,0
61,M,ASY,114,268,1,LVH,141,N,-0.2,Flat,1
54,M,ASY,112,227,0,Normal,164,N,-0.0,Up,1
65,F,ASY,147,270,0,LVH,159,N,3.8,Down,1
56,M,ASY,144,204,0,Normal,145,N,0.5,Flat,0
56,M,NAP,168,141,1,Normal,165,N,0.9,Up,0
54,F,ASY,140,253,0,LVH,159,N,0.4,Flat,0
51,M,ASY,162,261,0,ST,124,Y,1.0,Flat,1
31,M,NAP,145,187,0,ST,139,N,0.5,Up,0
50,M,ASY,146,14,0,Normal,63,N,-0.4,Flat,1
38,M,ASY,127,265,0,LVH,166,Y,-0.2,Up,1
57,M,NAP,168,191,1,ST,93,N,0.1,Flat,1
70,M,ATA,152,238,0,LVH,136,N,0.1,Up,0
48,M,ASY,111,241,0,ST,132,N,-0.5,Up,0
59,M,ASY,167,225,0,Normal,66,N,1.7,Flat,1
50,M,ASY,143,308,0,Normal,134,Y,3.7,Flat,1
43,F,ATA,115,241,0,ST,174,N,0.2,Up,0
62,M,NAP,132,244,0,ST,111,Y,1.8,Flat,1
57,M,ASY,133,192,0,LVH,135,Y,2.0,Flat,1
74,M,ASY,142,195,0,Normal,110,Y,1.7,Flat,1
43,M,ASY,89,214,0,LVH,144,Y,3.3,Flat,0
46,M,ATA,128,272,0,Normal,157,Y,-0.2,Up,0
64,M,ASY,119,272,0,Normal,96,Y,-0.5,Flat,0
72,F,ATA,113,281,0,LVH,130,Y,-0.2,Up,0
62,M,ASY,137,295,0,Normal,104,Y,3.8,Down,1
53,M,ASY,130,232,0,Normal,165,Y,0.5,Up,1
57,F,ATA,144,254,0,LVH,163,N,1.4,Flat,0
61,M,NAP,126,1,0,Normal,83,Y,-0.4,Flat,1
61,F,ASY,139,328,0,LVH,165,N,0.1,Up,1
46,F,ATA,185,312,0,Normal,178,N,-0.5,Up,0
62,M,ASY,122,19,1,ST,115,N,2.2,Flat,1
59,M,ASY,109,241,0,ST,121,N,-0.3,Up,0
62,M,ATA,167,276,1,ST,147,N,0.2,Flat,1
55,F,ATA,113,200,0,Normal,143,N,0.1,Up,0
58,M,ASY,145,229,0,Normal,168,N,1.1,Flat,0
45,M,ASY,101,242,0,Normal,140,Y,1.8,Flat,1
46,M,ASY,110,317,0,LVH,167,N,-0.4,Up,1
72,M,ASY,143,168,0,Normal,119,Y,2.4,Down,1
54,M,NAP,145,238,0,ST,134,Y,1.8,Flat,1
40,M,ASY,123,186,0,LVH,158,N,0.4,Up,1
55,F,ASY,126,249,0,Normal,113,Y,0.7,Flat,1
47,F,ASY,141,251,0,Normal,169,N,0.0,Up,0
49,M,NAP,131,264,0,Normal,153,N,0.4,Flat,1
58,M,ASY,91,219,0,ST,114,N,-0.7,Up,0
48,M,NAP,118,218,0,Normal,158,N,-0.5,Up,0
46,M,NAP,127,250,0,Normal,179,N,-0.2,Up,0
44,M,ATA,118,267,0,Normal,158,N,0.0,Up,0
50,F,ATA,125,240,0,Normal,125,N,1.4,Up,0
54,F,ATA,135,207,0,LVH,179,N,0.1,Flat,1
59,M,ATA,128,287,0,LVH,95,Y,0.3,Flat,1
56,M,NAP,117,19,0,Normal,90,N,0.0,Flat,0
49,M,ASY,130,176,0,Normal,97,N,-0.2,Up,0
63,M,ASY,141,220,1,ST,117,Y,1.4,Flat,1
59,M,ASY,148,21,1,ST,82,N,1.7,Flat,1
39,M,ASY,72,10,1,ST,144,N,0.4,Up,1
60,M,ASY,120,1,1,ST,134,Y,0.9,Flat,1
42,M,ASY,125,1,1,Normal,187,N,1.3,Up,1
40,M,ASY,86,63,1,ST,144,N,0.1,Up,1
58,M,ASY,138,274,0,Normal,145,Y,2.2,Flat,0
60,F,ASY,144,292,0,LVH,126,Y,1.4,Flat,1
72,F,ATA,155,282,0,Normal,170,N,0.2,Up,0
46,F,ASY,133,332,0,Normal,148,N,-0.2,Up,0
58,M,NAP,125,17,1,Normal,143,Y,2.3,Up,1
52,M,ASY,93,28,1,Normal,89,Y,0.7,Flat,1
50,F,ATA,116,278,0,Normal,157,N,1.3,Flat,0
56,M,NAP,169,25,0,LVH,125,Y,2.9,Flat,1
41,M,ASY,118,202,0,Normal,138,N,0.7,Flat,1
63,M,ASY,106,3,1,ST,103,N,2.7,Flat,1
59,M,ATA,149,332,0,Normal,158,N,-0.2,Up,0
47,F,ASY,126,297,0,Normal,174,N,0.3,Up,0
66,F,ASY,165,6,1,Normal,89,N,-0.0,Flat,1
54,F,ASY,143,261,0,Normal,117,Y,1.6,Flat,1
36,M,NAP,121,341,0,Normal,187,N,0.9,Flat,0
63,M,ASY,142,1,0,Normal,89,Y,2.3,Flat,1
63,M,NAP,127,1,0,ST,130,Y,-0.1,Flat,1
61,M,NAP,120,335,0,Normal,133,Y,0.8,Flat,0
57,M,ASY,119,217,0,Normal,135,N,2.6,Flat,1
55,M,ASY,145,199,1,ST,120,Y,1.1,Flat,1
63,M,ASY,137,309,0,ST,133,Y,-0.2,Up,0
51,M,ATA,111,312,0,Normal,117,N,-0.5,Up,0
66,M,ASY,130,284,0,Normal,100,Y,4.7,Down,1
54,M,ATA,119,275,0,Normal,161,N,0.6,Up,0
67,M,ASY,165,10,1,ST,125,N,1.9,Flat,1
60,M,ATA,106,242,0,Normal,169,N,0.9,Up,0
53,M,NAP,117,202,1,LVH,155,N,1.3,Down,0
51,M,ASY,162,191,0,Normal,101,Y,2.6,Flat,1
64,F,NAP,124,436,1,LVH,171,N,1.6,Up,0
65,M,ASY,106,203,0,ST,144,Y,1.2,Flat,1
60,M,ASY,165,164,1,LVH,108,N,1.1,Flat,1
50,M,ASY,143,231,0,ST,132,Y,4.9,Flat,1
56,F,ATA,119,214,1,Normal,152,N,-0.1,Up,0
40,M,NAP,137,312,0,LVH,168,N,0.1,Up,0
64,M,NAP,145,241,0,ST,124,Y,1.1,Flat,1
71,M,ASY,139,22,0,ST,99,Y,1.7,Flat,1
56,M,ASY,135,189,1,LVH,151,Y,3.1,Down,1
36,F,TA,120,151,0,ST,181,N,-0.5,Up,0
58,F,NAP,133,193,0,ST,157,N,0.1,Up,0
62,M,ASY,174,244,1,Normal,95,Y,1.3,Flat,1
40,M,NAP,118,245,0,Normal,175,N,-0.2,Up,0
60,M,ASY,138,1,1,ST,149,Y,1.7,Flat,1
40,M,ATA,125,277,0,Normal,159,N,0.5,Up,0
52,M,ASY,126,242,0,Normal,123,Y,2.3,Flat,1
59,M,ASY,138,188,0,Normal,149,N,0.3,Up,0
51,M,ATA,139,99,0,Normal,126,Y,0.0,Up,0
55,M,ASY,124,346,0,Normal,129,Y,1.6,Flat,1
57,M,ATA,142,222,0,ST,147,N,0.6,Up,0
72,F,ATA,167,302,0,Normal,165,N,0.7,Up,0
50,M,ASY,128,196,0,Normal,141,N,-0.2,Up,0
54,M,ASY,135,592,1,Normal,132,Y,1.0,Flat,1
66,M,ASY,154,167,0,ST,93,Y,1.8,Up,1
51,M,ASY,134,1,0,Normal,101,N,0.3,Up,0
38,M,ATA,109,187,0,Normal,154,N,-0.0,Up,0
64,M,ASY,129,182,0,LVH,132,Y,2.2,Flat,1
48,F,ATA,140,245,0,Normal,131,N,1.6,Up,0
55,M,ASY,137,378,0,Normal,128,Y,0.8,Flat,1
65,M,ATA,155,234,0,Normal,111,Y,-0.3,Flat,1
44,M,ATA,100,210,0,Normal,147,N,-0.5,Up,0
60,M,TA,133,230,1,ST,109,N,1.2,Down,1
62,M,NAP,115,1,1,Normal,145,N,2.8,Up,1
56,M,ATA,141,216,0,Normal,158,N,0.4,Up,0
47,M,ASY,123,11,1,ST,153,N,2.1,Up,1
54,F,NAP,115,216,0,Normal,153,N,1.8,Flat,0
60,M,ATA,161,282,1,ST,144,N,0.5,Flat,1
51,F,ATA,124,238,0,Normal,157,N,-0.4,Up,0
57,M,ASY,173,163,1,LVH,85,N,1.8,Flat,1
38,M,ASY,105,153,0,LVH,152,N,0.5,Up,1
45,M,ASY,119,149,0,Normal,152,Y,2.9,Down,1
53,M,NAP,129,243,0,Normal,177,N,-0.3,Up,0
41,M,ATA,141,298,0,Normal,168,N,-0.1,Up,0
55,M,ASY,128,205,0,Normal,134,N,-0.2,Flat,1
73,M,ATA,139,1,1,ST,136,N,1.3,Up,1
55,M,NAP,159,1,1,LVH,135,Y,0.1,Flat,1
52,M,ATA,124,295,0,Normal,116,N,-0.1,Up,0
55,M,ASY,128,282,1,LVH,107,Y,1.1,Down,1
57,F,NAP,116,344,0,Normal,182,N,0.7,Up,0
59,M,ASY,135,258,0,Normal,128,Y,1.6,Flat,1
58,M,ASY,108,20,1,Normal,109,Y,1.7,Up,1
47,M,ASY,177,287,0,ST,115,N,-0.1,Up,0
66,M,ASY,141,301,1,ST,91,Y,1.3,Flat,1
52,F,ASY,119,183,0,Normal,141,Y,1.5,Flat,0
59,M,ASY,131,196,1,LVH,134,Y,0.4,Flat,1
55,M,ASY,129,135,0,Normal,116,N,0.2,Flat,1
58,M,ASY,127,292,1,ST,151,Y,2.3,Flat,1
39,M,NAP,132,222,0,Normal,126,N,0.3,Up,0
49,M,ASY,160,16,1,ST,146,Y,1.8,Flat,1
57,F,ATA,136,417,0,LVH,154,N,0.6,Up,0
51,M,ASY,164,337,0,Normal,89,Y,1.6,Flat,1
77,M,ASY,153,291,0,Normal,111,Y,1.9,Down,1
38,M,ASY,135,191,0,Normal,120,Y,1.7,Flat,1
55,M,NAP,125,176,0,ST,142,N,-0.5,Up,0
73,M,ASY,135,4,1,Normal,158,Y,1.9,Flat,1
46,F,TA,100,221,0,Normal,144,N,-0.3,Up,0
71,M,ASY,134,186,0,ST,144,Y,2.1,Flat,1
54,M,ASY,133,161,0,LVH,100,Y,1.8,Flat,1
35,M,ASY,112,156,0,Normal,118,Y,1.8,Flat,1
57,M,ASY,137,168,0,ST,132,Y,1.8,Flat,1
48,M,ASY,119,227,0,Normal,166,N,0.4,Up,1
57,M,TA,116,239,0,LVH,158,N,2.5,Flat,0
54,M,NAP,133,223,0,Normal,175,N,-0.6,Up,0
47,F,ASY,121,218,0,Normal,100,N,-0.4,Up,0
57,M,ASY,143,242,0,Normal,169,N,2.2,Up,0
62,M,TA,146,110,0,ST,132,N,0.6,Up,0
58,M,ASY,129,432,1,Normal,57,N,1.1,Down,0
58,M,NAP,148,144,0,Normal,163,N,1.6,Up,0
62,F,ASY,139,298,0,Normal,120,N,2.0,Flat,0
49,M,ASY,126,1,0,Normal,72,N,-0.7,Flat,1
61,F,ASY,116,253,0,LVH,116,N,0.7,Flat,0
56,F,ASY,150,277,0,LVH,138,N,0.4,Flat,0
30,M,ASY,96,522,0,Normal,125,N,-0.3,Flat,1
42,M,ASY,109,168,0,LVH,110,Y,1.8,Flat,1
58,M,ATA,124,208,0,Normal,150,N,0.9,Up,0
60,M,ASY,176,1,1,LVH,110,Y,-0.1,Flat,1
60,M,ASY,137,244,0,Normal,163,Y,2.1,Flat,0
65,F,NAP,141,265,0,LVH,171,N,0.1,Up,0
52,M,ATA,133,194,0,Normal,178,N,1.0,Up,0
54,M,ASY,124,115,1,LVH,121,Y,0.8,Flat,1
52,M,ASY,130,151,1,LVH,143,Y,1.4,Flat,1
58,M,ASY,154,251,0,LVH,123,Y,0.8,Flat,1
61,M,TA,136,266,1,LVH,147,N,1.8,Down,0
57,M,NAP,117,234,1,LVH,170,N,-0.0,Up,0
33,M,ATA,126,239,0,Normal,177,N,-0.1,Up,0
43,M,ASY,135,248,0,Normal,171,N,-0.1,Up,0
46,F,ASY,129,250,0,Normal,163,N,0.2,Up,0
41,F,NAP,147,256,0,Normal,175,N,0.2,Up,0
60,M,ATA,134,241,0,Normal,137,N,0.2,Up,0
75,F,ATA,134,271,0,LVH,139,Y,0.3,Up,0
52,M,ASY,155,220,1,Normal,123,Y,1.0,Flat,1
40,M,ASY,98,262,0,Normal,106,Y,0.7,Down,1
62,M,ASY,119,341,1,LVH,127,Y,2.1,Up,1
63,M,ASY,127,176,1,ST,138,Y,0.7,Flat,1
51,M,ASY,129,159,1,LVH,127,Y,0.7,Flat,1
47,M,ASY,96,18,1,ST,149,N,2.2,Up,1
72,M,ASY,122,13,0,ST,92,Y,0.2,Flat,1
52,F,ATA,123,295,1,LVH,165,Y,0.4,Up,0
65,F,NAP,164,290,0,Normal,174,N,0.2,Up,0
65,M,ASY,125,262,0,LVH,164,N,0.7,Up,1
57,M,ATA,128,292,0,Normal,155,N,0.3,Up,0
53,M,ATA,124,239,0,Normal,171,N,-0.1,Down,0
55,M,ASY,125,225,0,Normal,98,N,0.1,Up,0
56,F,ATA,125,292,0,Normal,158,N,1.3,Flat,0
50,F,NAP,136,298,0,LVH,145,N,1.9,Up,0
67,M,ASY,126,1,0,ST,119,Y,-0.6,Up,1
49,F,ASY,128,274,0,LVH,141,N,0.7,Flat,0
52,M,NAP,126,193,1,LVH,151,N,1.2,Down,0
57,F,ATA,127,212,0,LVH,174,N,0.3,Flat,1
76,M,NAP,148,247,1,Normal,94,N,-0.3,Flat,1
59,M,ASY,124,29,1,Normal,73,N,2.5,Flat,1
38,M,ASY,134,165,0,Normal,136,Y,1.6,Flat,1
58,M,NAP,139,232,1,Normal,164,N,1.8,Up,0
48,M,ASY,153,134,0,Normal,144,N,-0.4,Up,0
51,M,ATA,102,221,0,Normal,163,N,1.2,Down,1
59,M,ASY,140,37,0,ST,122,Y,0.4,Flat,1
56,M,ASY,126,124,0,Normal,100,Y,1.0,Flat,1
67,M,NAP,149,214,0,LVH,157,N,0.3,Flat,1
58,M,NAP,142,243,0,ST,112,Y,1.9,Flat,1
56,M,ASY,132,212,0,Normal,108,Y,0.1,Flat,1
50,M,ASY,140,299,0,Normal,113,Y,1.2,Flat,1
55,M,ASY,137,202,0,Normal,125,Y,3.5,Flat,1
61,M,ASY,147,278,0,Normal,142,Y,2.9,Down,1
70,M,ASY,154,98,1,LVH,126,N,1.7,Flat,1
39,M,NAP,152,139,1,Normal,166,N,0.0,Up,0
40,M,ASY,86,1,1,ST,137,N,-0.0,Up,1
54,M,ASY,108,209,0,Normal,160,N,0.5,Up,1
54,M,ATA,122,307,0,Normal,115,N,0.7,Up,0
57,M,ATA,115,252,0,Normal,117,N,-0.2,Up,0
57,F,ASY,120,343,0,Normal,170,Y,0.9,Up,0
72,M,NAP,156,211,0,Normal,93,Y,1.9,Flat,1
51,M,ASY,121,219,0,Normal,168,N,0.1,Up,1
47,M,ASY,135,302,0,Normal,115,Y,1.9,Flat,1
49,M,ASY,129,209,0,Normal,142,Y,0.9,Flat,1
62,M,TA,174,222,0,LVH,147,N,-0.7,Flat,0
49,M,ASY,91,1,1,Normal,95,N,0.5,Flat,1
63,M,ASY,161,1,0,ST,138,Y,-0.2,Up,0
49,M,NAP,129,145,0,Normal,128,Y,1.4,Flat,1
40,M,NAP,145,199,0,Normal,146,N,-0.1,Up,0
63,M,ASY,96,1,1,Normal,112,Y,1.0,Down,1
39,M,NAP,152,289,0,Normal,118,N,0.1,Up,0
65,M,ASY,134,43,0,Normal,75,Y,0.5,Up,1
65,M,ASY,117,42,1,Normal,153,N,1.2,Down,1
60,M,ASY,109,1,1,ST,98,N,2.1,Flat,1
55,M,ASY,140,1,1,Normal,120,Y,2.0,Flat,1
56,M,ASY,115,177,0,Normal,110,N,0.3,Flat,1
63,M,ASY,154,208,0,LVH,151,Y,3.5,Up,1
47,F,ATA,141,300,0,ST,147,N,1.7,Up,0
50,M,ATA,125,271,0,Normal,180,N,0.9,Up,0
63,M,ASY,127,294,0,LVH,126,N,2.6,Flat,1
54,M,NAP,139,195,0,Normal,115,N,-0.3,Up,0
58,F,ASY,140,317,0,LVH,155,N,-0.2,Up,0
37,M,ATA,114,214,0,Normal,159,N,-0.0,Up,0
31,M,TA,107,1,1,Normal,116,N,0.7,Up,1
53,F,ATA,164,333,0,Normal,124,N,-0.1,Up,0
60,M,NAP,136,1,0,LVH,128,Y,0.6,Flat,1
55,M,ATA,128,211,0,Normal,102,N,0.3,Up,0
51,F,ATA,165,182,0,Normal,164,N,0.5,Up,0
65,M,ASY,120,292,0,LVH,159,N,-0.3,Flat,0
50,M,ASY,129,205,1,ST,146,N,-0.3,Up,0
62,M,NAP,144,186,0,ST,125,Y,1.6,Flat,1
58,M,ASY,129,117,0,Normal,120,N,0.5,Flat,1
68,M,ASY,114,1,1,Normal,146,N,0.8,Down,1
54,M,ASY,133,1,0,Normal,109,N,0.3,Up,0
53,M,TA,119,161,0,Normal,127,N,2.6,Up,0
61,M,ATA,164,283,1,ST,168,N,0.2,Flat,1
63,M,ASY,166,185,0,Normal,98,Y,3.1,Down,1
53,F,ASY,120,166,0,Normal,138,Y,1.4,Flat,0
64,F,ASY,144,285,0,ST,123,Y,1.1,Flat,0
42,M,NAP,124,245,0,Normal,188,N,-0.3,Up,0
43,M,NAP,137,283,0,Normal,195,N,0.4,Up,0
62,M,ASY,127,1,1,Normal,89,N,2.8,Flat,1
54,M,ASY,126,241,0,Normal,147,Y,0.6,Up,1
46,M,NAP,131,207,0,Normal,147,N,0.5,Up,0
64,M,NAP,117,190,0,LVH,90,N,-0.0,Up,0
54,M,NAP,115,226,0,LVH,130,N,1.1,Up,0
58,M,ASY,149,4,1,ST,100,N,2.0,Flat,1
54,F,ATA,120,256,1,Normal,153,N,0.2,Up,0
50,M,ASY,164,386,0,ST,127,N,0.7,Up,0
55,M,NAP,125,276,0,ST,123,Y,1.1,Flat,1
57,M,ASY,128,265,0,LVH,103,Y,1.7,Flat,1
48,M,ASY,177,326,0,Normal,92,Y,2.2,Flat,1
35,M,NAP,115,1,0,Normal,126,Y,0.5,Flat,1
40,M,NAP,158,161,0,Normal,154,N,0.2,Up,0
65,F,NAP,146,271,0,Normal,141,N,0.6,Up,0
55,M,ASY,137,236,0,ST,98,Y,2.0,Down,1
66,M,ATA,130,142,0,ST,120,N,0.1,Up,0
48,M,ASY,99,7,1,ST,125,N,-2.3,Flat,1
38,F,NAP,120,215,0,Normal,137,N,-0.3,Up,0
51,F,NAP,142,223,0,Normal,161,Y,2.1,Up,0
63,M,ASY,129,253,0,Normal,90,Y,1.9,Flat,1
60,M,ASY,115,24,1,Normal,62,Y,-0.8,Flat,1
48,M,ASY,101,277,0,Normal,118,Y,2.6,Flat,1
48,M,ATA,152,194,0,Normal,161,N,-0.1,Up,0
60,F,NAP,117,354,0,Normal,168,N,-0.3,Up,0
62,M,ASY,121,148,0,LVH,127,Y,2.7,Flat,1
54,M,ASY,186,211,0,Normal,148,Y,2.0,Flat,1
57,M,ATA,135,228,0,ST,137,Y,1.1,Flat,1
38,M,ASY,128,197,0,Normal,127,Y,1.1,Flat,1
44,M,ASY,145,217,0,LVH,124,N,2.9,Flat,1
58,M,ATA,146,261,0,ST,151,Y,1.8,Flat,1
62,M,ASY,112,17,1,Normal,71,Y,-0.9,Flat,1
62,M,ASY,161,173,1,Normal,120,Y,3.1,Down,1
56,M,ASY,129,197,1,ST,117,Y,0.8,Flat,1
43,F,ASY,133,331,1,LVH,136,Y,3.9,Flat,1
46,F,NAP,135,227,0,Normal,120,N,0.4,Up,0
47,M,NAP,127,262,0,Normal,169,N,0.1,Up,0
77,M,ASY,127,147,0,ST,109,Y,1.6,Up,1
57,M,ASY,131,261,1,ST,174,Y,1.7,Flat,1
53,M,NAP,132,226,0,Normal,133,N,0.3,Up,0
68,M,ASY,136,153,0,Normal,93,Y,0.5,Flat,1
60,M,ASY,123,1,1,Normal,62,Y,-1.0,Flat,1
32,M,ATA,109,220,0,Normal,172,N,0.0,Up,0
67,F,ASY,135,298,0,Normal,116,N,2.0,Flat,0
54,F,ASY,185,336,0,ST,122,Y,0.9,Flat,0
50,F,ATA,116,210,0,Normal,159,N,0.9,Up,0
45,M,ATA,149,261,0,Normal,163,Y,0.3,Up,0
43,M,ASY,106,318,0,LVH,140,N,-0.3,Up,1
65,M,ASY,126,1,1,Normal,145,N,1.7,Down,1
64,M,ASY,140,304,1,ST,119,Y,1.9,Flat,1
45,M,ASY,123,240,1,Normal,127,Y,1.2,Flat,1
51,M,ASY,196,242,0,Normal,139,Y,2.4,Flat,1
41,M,ASY,115,303,0,Normal,183,N,1.0,Flat,0
51,M,ASY,141,387,0,ST,128,N,0.8,Up,0
65,M,ASY,160,198,1,Normal,115,Y,2.4,Down,1
63,M,NAP,140,330,0,Normal,146,N,-0.7,Up,1
37,M,ASY,126,315,0,Normal,165,N,-0.1,Up,0
53,M,ASY,125,209,0,Normal,125,N,2.0,Flat,1
60,M,ATA,129,204,1,LVH,140,N,-0.4,Up,0
53,M,NAP,115,213,0,Normal,149,N,-0.3,Up,0
72,M,ASY,139,203,0,ST,119,Y,2.5,Flat,1
66,M,ASY,88,305,0,ST,116,Y,1.3,Up,1
56,F,NAP,139,354,0,Normal,183,N,-0.4,Up,0
51,M,ASY,148,325,0,ST,140,Y,2.3,Flat,1
47,F,ATA,126,223,0,Normal,158,N,0.1,Up,0
56,M,ASY,139,254,0,Normal,143,Y,1.2,Up,1
74,M,NAP,144,1,0,LVH,122,N,1.3,Flat,0
58,M,ASY,95,1,1,ST,81,N,-1.1,Up,1
40,M,NAP,112,1,0,Normal,133,Y,0.4,Flat,1
62,M,ASY,119,261,0,LVH,153,N,1.8,Flat,1
48,M,ATA,98,194,0,Normal,96,N,-0.3,Up,0
59,M,ASY,112,209,0,Normal,113,N,0.2,Flat,1
68,M,ASY,127,260,0,Normal,71,N,1.0,Flat,1
52,F,ATA,104,444,0,Normal,117,N,-0.4,Up,0
54,M,ASY,133,308,1,ST,140,Y,1.9,Flat,1
49,F,ASY,130,293,0,Normal,158,N,-0.4,Up,0
56,F,ATA,135,270,1,LVH,166,Y,0.4,Up,0
47,F,ASY,126,288,0,Normal,171,N,0.5,Up,0
66,M,ASY,151,321,1,Normal,93,Y,1.4,Flat,1
59,M,NAP,129,218,0,ST,144,N,-0.2,Flat,1
47,F,ATA,194,288,0,Normal,183,N,0.4,Up,0
56,F,ATA,126,268,1,LVH,161,Y,0.4,Up,0
57,M,ASY,136,299,0,Normal,143,Y,1.6,Flat,1
62,M,ASY,120,190,0,Normal,144,N,0.3,Up,0
66,M,ASY,143,376,0,Normal,99,Y,1.9,Flat,1
41,M,ASY,115,265,0,Normal,126,N,-0.3,Up,0
73,M,ASY,148,259,1,ST,122,Y,4.1,Down,1
61,M,ASY,114,300,0,Normal,139,Y,0.8,Flat,1
47,M,ASY,115,306,0,Normal,135,Y,4.0,Flat,1
59,M,ASY,130,241,0,LVH,110,Y,1.7,Down,1
58,F,ATA,130,263,0,Normal,163,N,0.5,Flat,1
58,M,ASY,145,254,1,LVH,104,Y,0.9,Down,1
35,F,ASY,100,248,0,Normal,158,Y,1.3,Flat,1
75,M,TA,135,181,1,Normal,120,Y,1.5,Flat,1
53,M,ATA,137,314,0,Normal,174,N,0.7,Up,0
74,F,ATA,120,259,0,LVH,123,Y,0.9,Up,0
60,M,ASY,112,292,0,ST,124,Y,3.8,Down,1
57,M,ASY,183,263,0,Normal,125,Y,2.3,Flat,1
53,M,ASY,178,292,0,Normal,98,Y,2.8,Flat,1
45,M,ASY,114,285,0,ST,138,N,-0.2,Up,0
67,M,ATA,160,241,0,Normal,125,Y,-0.9,Flat,1
52,M,ASY,140,372,0,ST,133,N,1.2,Up,0
44,M,ASY,142,144,0,ST,125,N,2.0,Flat,1
47,M,ASY,161,349,0,Normal,83,Y,1.7,Flat,1
63,F,ASY,118,1,1,ST,120,Y,1.6,Down,1
58,F,ASY,138,408,0,LVH,152,Y,1.5,Flat,1
56,M,ASY,153,178,0,Normal,94,Y,2.4,Flat,1
60,M,ASY,161,1,0,ST,93,Y,0.7,Flat,1
52,M,ASY,123,17,1,Normal,112,Y,1.9,Flat,1
33,F,ASY,109,241,0,Normal,145,Y,0.9,Flat,1
68,M,ASY,144,312,1,ST,120,Y,1.3,Flat,1
42,M,NAP,139,338,0,Normal,153,N,1.9,Up,0
59,M,NAP,123,1,1,Normal,104,N,-2.4,Flat,1
61,M,ASY,129,32,1,Normal,100,N,2.8,Flat,1
52,M,ASY,120,604,1,Normal,137,Y,0.7,Flat,1
54,F,ATA,116,345,0,ST,161,N,-0.1,Up,0
57,F,ASY,173,329,0,ST,124,Y,4.2,Flat,1
63,M,ASY,156,255,1,ST,97,Y,2.9,Flat,1
49,M,ATA,100,106,0,Normal,87,N,-0.2,Up,0
58,M,ASY,131,122,0,Normal,125,N,0.2,Flat,1
53,M,ASY,116,198,0,Normal,123,Y,1.4,Flat,1
53,M,ASY,108,239,0,LVH,117,Y,0.4,Flat,1
51,M,ASY,166,363,0,Normal,89,Y,2.8,Flat,1
53,M,ASY,137,315,0,Normal,124,Y,4.4,Flat,1
76,M,NAP,138,232,1,Normal,95,N,-1.2,Flat,1
49,M,TA,126,193,0,LVH,124,Y,1.3,Up,0
45,M,ATA,159,250,0,Normal,173,N,-0.4,Up,0
56,M,ATA,118,205,0,ST,133,N,0.4,Up,0
69,F,TA,150,212,0,Normal,116,N,3.0,Down,0
57,M,ASY,198,240,1,LVH,152,Y,2.1,Down,1
71,M,ASY,107,21,0,ST,88,Y,-0.4,Flat,1
65,M,ASY,135,30,0,Normal,135,Y,3.5,Flat,1
52,M,NAP,109,228,0,Normal,148,N,-0.1,Up,0
50,M,ASY,138,21,1,Normal,175,N,-0.1,Up,1
40,M,ATA,119,181,0,Normal,174,N,0.1,Up,0
36,F,ASY,123,174,0,ST,185,N,0.2,Up,0
49,F,ATA,125,159,0,Normal,157,N,-0.2,Up,0
62,M,ASY,120,309,0,Normal,139,Y,2.5,Flat,1
60,M,ASY,122,342,1,LVH,125,Y,2.0,Up,1
56,F,NAP,98,211,0,Normal,168,N,2.1,Flat,0
61,M,ASY,116,1,1,Normal,125,Y,1.0,Up,1
40,M,ASY,121,270,0,Normal,114,Y,1.5,Down,1
45,M,NAP,118,235,1,Normal,183,N,0.2,Up,0
71,M,ASY,144,37,1,Normal,155,Y,2.5,Flat,1
56,M,ASY,113,37,0,ST,89,N,0.7,Up,1
68,M,ASY,146,1,1,Normal,171,Y,2.0,Flat,1
60,M,ASY,109,236,1,Normal,159,Y,0.7,Up,1
63,M,NAP,130,1,1,ST,149,N,3.3,Flat,0
50,M,ASY,110,253,0,ST,148,N,-0.5,Up,0
65,M,ASY,209,322,1,LVH,151,Y,2.0,Down,1
56,M,ASY,130,1,1,Normal,131,Y,0.9,Up,1
45,M,TA,135,208,0,Normal,180,Y,0.9,Up,0
31,M,NAP,125,309,0,Normal,185,N,0.1,Up,0
56,M,ASY,127,217,0,LVH,120,Y,0.8,Flat,1
49,M,ASY,97,308,0,LVH,106,Y,0.9,Flat,1
72,M,ATA,138,41,1,ST,118,N,1.6,Up,1
61,M,ASY,133,1,0,Normal,56,Y,1.3,Up,1
56,F,ASY,131,422,0,LVH,132,Y,2.2,Flat,1
38,F,ASY,127,175,0,ST,191,N,-0.2,Up,0
48,M,NAP,92,1,1,ST,106,Y,1.1,Down,1
58,M,ASY,131,90,0,Normal,147,N,0.2,Up,0
35,M,ASY,109,13,1,Normal,133,Y,1.7,Flat,1
54,M,ASY,138,170,0,Normal,123,Y,0.4,Flat,1
57,F,ATA,143,232,0,LVH,157,N,0.4,Flat,0
51,F,ATA,110,193,0,Normal,139,N,-0.3,Up,0
51,M,ATA,132,207,0,Normal,171,N,-0.0,Up,0
46,M,ASY,129,259,1,Normal,132,Y,-0.4,Up,0
54,M,ASY,128,289,1,LVH,103,Y,0.3,Down,1
44,F,ASY,126,305,0,Normal,138,N,-0.3,Up,0
56,M,ASY,132,151,0,Normal,105,Y,1.2,Flat,1
46,M,ASY,109,152,0,Normal,146,Y,2.6,Down,1
54,M,ASY,119,330,0,ST,92,Y,0.7,Flat,1
54,M,NAP,134,234,0,ST,136,N,0.2,Up,0
47,M,ASY,132,287,0,Normal,98,Y,2.1,Flat,1
46,M,NAP,142,316,0,Normal,158,N,1.7,Up,0
67,M,TA,138,266,1,Normal,127,N,3.0,Up,1
69,F,ASY,106,172,0,Normal,129,N,1.6,Flat,0
55,M,NAP,168,222,1,Normal,178,N,0.2,Up,0
56,M,ATA,124,188,0,ST,146,N,-0.4,Up,0
72,M,NAP,119,215,0,Normal,115,Y,0.9,Flat,1
37,M,NAP,108,1,0,Normal,121,Y,0.4,Flat,1
63,M,ASY,144,39,1,ST,109,N,0.9,Flat,1
40,M,ASY,146,264,0,Normal,130,Y,2.2,Flat,1
55,M,ASY,133,594,1,Normal,132,Y,1.0,Flat,1
47,M,ASY,121,325,0,Normal,138,N,1.7,Flat,0
57,M,ASY,140,1,1,ST,173,N,0.1,Flat,1
49,M,NAP,151,188,0,Normal,130,N,1.8,Flat,1
54,M,ASY,146,244,0,ST,154,Y,2.3,Flat,1
55,M,ASY,141,1,0,ST,120,Y,1.7,Flat,1
46,F,ATA,156,198,0,Normal,142,N,-0.1,Up,0
57,M,ASY,170,189,0,LVH,125,Y,2.6,Down,1
40,M,NAP,155,373,0,LVH,183,N,0.2,Up,0
35,M,ASY,118,258,0,Normal,135,N,0.0,Up,0
42,M,ASY,156,276,0,Normal,179,N,1.0,Up,0
64,F,ASY,153,1,1,Normal,93,N,0.1,Flat,1
32,M,NAP,112,315,0,Normal,172,N,0.8,Flat,0
55,M,ASY,142,246,0,Normal,95,Y,1.5,Flat,1
37,F,NAP,117,268,0,LVH,159,Y,-0.1,Up,0
52,M,NAP,130,207,0,ST,129,Y,2.0,Flat,1
53,M,NAP,118,243,0,Normal,161,Y,1.9,Flat,1
38,F,ASY,131,411,0,Normal,120,N,2.3,Flat,1
50,F,ATA,138,206,0,Normal,159,N,0.1,Up,0
42,M,ASY,128,161,0,ST,123,N,2.2,Flat,1
43,M,ASY,134,169,0,ST,126,N,2.0,Flat,1
63,M,ASY,132,260,0,Normal,143,Y,3.2,Flat,1
60,M,ASY,118,4,0,Normal,120,N,0.7,Up,1
61,M,TA,154,222,1,ST,105,N,1.3,Down,1
59,F,ASY,120,202,0,Normal,140,N,1.1,Flat,0
52,M,ASY,149,151,0,Normal,109,N,0.4,Up,0
55,M,NAP,145,217,0,ST,115,Y,1.2,Flat,1
64,F,ASY,152,228,0,LVH,125,N,1.0,Flat,1
57,M,ASY,157,240,0,Normal,117,N,1.9,Flat,1
58,M,NAP,132,342,1,ST,134,Y,1.6,Flat,1
36,M,ASY,124,317,0,LVH,155,Y,-0.2,Up,1
62,M,ASY,147,300,0,Normal,124,Y,1.5,Flat,1
59,M,NAP,126,331,1,ST,114,Y,1.7,Flat,1
49,M,ASY,154,186,0,Normal,131,Y,0.1,Up,0
58,F,ASY,154,267,0,LVH,157,N,2.7,Flat,1
51,M,NAP,131,243,0,Normal,182,N,-0.4,Flat,1
68,M,ASY,131,192,1,Normal,151,N,3.4,Flat,1
53,M,NAP,133,281,0,LVH,130,N,0.4,Up,0
68,M,ASY,136,145,0,Normal,94,Y,1.5,Flat,1
61,M,NAP,116,203,0,LVH,85,N,-0.4,Up,0
65,M,NAP,124,262,1,Normal,146,Y,-0.5,Up,0
51,F,NAP,121,197,0,ST,141,N,0.0,Up,0
46,M,ASY,113,1,1,ST,152,N,2.5,Up,1
38,M,ATA,111,242,0,Normal,161,Y,1.1,Flat,0
43,M,TA,126,312,0,ST,158,N,0.2,Flat,1
50,M,ASY,117,229,0,LVH,191,N,-0.5,Up,0
61,M,ASY,140,1,0,Normal,110,Y,-0.2,Flat,1
42,M,ATA,116,214,0,Normal,163,N,-0.8,Up,0
46,M,TA,113,295,0,Normal,139,N,1.2,Flat,1
41,M,NAP,128,186,0,Normal,152,N,-0.8,Up,0
66,M,ATA,120,192,0,LVH,90,Y,0.5,Flat,1
60,F,ASY,164,353,0,LVH,163,N,0.5,Up,1
44,M,ATA,109,163,0,Normal,103,N,0.0,Up,0
51,F,ASY,118,335,0,Normal,119,Y,0.5,Flat,0
60,M,TA,112,215,0,LVH,154,N,2.0,Flat,0
39,M,ATA,121,175,0,Normal,191,N,0.7,Up,0
59,M,ASY,144,283,0,Normal,128,Y,1.7,Flat,1
50,M,NAP,126,215,0,Normal,165,N,0.4,Up,0
55,M,ASY,116,257,0,Normal,91,Y,1.8,Flat,1
42,F,ASY,126,347,1,LVH,128,Y,2.7,Flat,1
53,M,ATA,118,29,0,Normal,81,N,-0.0,Flat,1
47,M,ATA,114,155,0,Normal,165,N,-0.7,Up,0
55,M,NAP,136,241,1,LVH,158,Y,1.4,Flat,1
53,M,NAP,120,227,0,ST,124,N,0.2,Up,0
47,M,ATA,115,299,0,LVH,162,N,0.3,Up,0
42,M,ASY,92,1,1,ST,150,N,-0.2,Up,1
55,M,ATA,131,175,0,ST,141,N,-0.4,Up,0
49,M,ATA,128,99,0,Normal,145,Y,0.5,Up,0
44,F,ATA,175,264,0,Normal,179,N,-0.4,Up,0
49,M,ASY,141,189,0,LVH,121,Y,1.0,Flat,1
52,M,ASY,147,248,0,LVH,126,N,2.8,Flat,1
40,M,ASY,121,286,0,Normal,151,N,0.0,Flat,1
64,M,ASY,145,23,1,ST,69,N,1.7,Flat,1
48,M,ATA,182,246,0,ST,124,N,-0.1,Up,0
62,F,NAP,119,594,0,LVH,170,N,1.3,Flat,0
58,M,NAP,114,238,0,LVH,97,N,0.3,Up,0
63,M,ASY,161,1,0,ST,103,Y,0.7,Flat,1
63,M,TA,171,215,0,LVH,137,N,0.6,Flat,0
61,M,ASY,170,230,1,Normal,100,Y,0.8,Flat,1
59,M,ATA,115,248,0,Normal,189,N,1.5,Up,0
58,M,ASY,141,220,1,ST,139,Y,0.6,Flat,1
43,M,TA,120,303,0,ST,166,N,-0.5,Flat,1
51,M,ATA,132,282,0,Normal,116,N,-0.0,Up,0
58,M,ASY,138,232,0,LVH,121,Y,2.1,Flat,1
59,M,ASY,127,247,0,Normal,135,Y,2.9,Down,1
46,M,ASY,148,265,0,Normal,171,N,1.7,Up,0
54,M,ASY,129,1,1,Normal,133,N,1.5,Up,1
52,M,ASY,139,244,0,LVH,188,Y,0.2,Up,0
47,M,ASY,133,208,0,Normal,140,N,0.2,Up,0
66,M,TA,140,167,1,ST,136,N,0.9,Up,0
48,M,ASY,127,227,0,Normal,115,N,0.1,Flat,1
76,M,ASY,121,314,0,LVH,167,Y,-0.2,Up,1
42,F,ATA,130,229,0,Normal,129,N,1.1,Up,0
36,M,NAP,144,225,0,Normal,180,N,-0.9,Up,0
56,M,ASY,123,268,0,Normal,151,Y,2.0,Flat,1
39,M,ASY,119,178,0,Normal,153,N,0.4,Flat,1
60,M,NAP,110,9,1,Normal,154,Y,2.2,Up,1
61,F,ASY,131,324,0,LVH,154,N,0.1,Up,1
56,M,NAP,149,245,0,ST,165,N,0.2,Up,0
38,M,ATA,108,270,0,Normal,152,N,0.4,Up,0
41,M,ATA,136,303,0,Normal,170,N,0.5,Up,0
75,M,TA,142,199,1,Normal,105,Y,2.0,Flat,1
58,M,NAP,151,207,1,Normal,160,N,1.5,Up,0
54,M,TA,125,180,0,Normal,138,N,1.2,Up,0
65,M,NAP,156,180,1,Normal,130,N,0.3,Flat,1
59,M,ATA,122,203,0,Normal,173,N,1.0,Up,0
44,F,ATA,138,206,0,Normal,170,N,0.1,Up,0
61,M,ASY,144,1,1,Normal,95,Y,-0.2,Flat,1
46,M,ASY,144,196,0,Normal,131,N,0.3,Flat,1
52,M,NAP,144,226,0,Normal,161,N,0.5,Flat,1
48,M,ASY,176,301,0,Normal,100,Y,1.0,Flat,1
42,M,ATA,127,170,0,Normal,151,N,-0.0,Up,0
57,M,ATA,116,245,0,Normal,124,N,0.2,Up,0
56,M,ASY,171,256,1,Normal,112,Y,0.6,Flat,1
48,M,ASY,145,234,0,Normal,101,Y,1.7,Flat,1
55,M,ASY,152,1,0,Normal,118,Y,1.7,Flat,1
70,M,ASY,140,1,1,Normal,146,Y,1.8,Flat,1
61,M,NAP,146,213,0,ST,115,Y,1.5,Flat,1
58,M,ASY,148,34,1,ST,143,Y,1.2,Flat,1
51,M,ASY,145,288,0,Normal,166,Y,1.9,Up,1
78,M,ASY,168,188,1,ST,110,N,0.0,Flat,1
56,F,ASY,147,381,0,LVH,164,Y,1.3,Flat,1
52,M,ASY,144,301,0,Normal,174,Y,2.1,Up,1
48,M,ASY,147,270,0,Normal,110,Y,4.3,Flat,1
53,M,ASY,108,207,0,Normal,133,N,0.1,Flat,1
65,M,ASY,109,230,0,LVH,156,N,1.0,Up,1
66,F,ASY,127,218,0,Normal,133,Y,0.5,Flat,1
55,M,ASY,122,260,0,Normal,141,N,0.1,Up,0
58,M,ASY,168,297,0,LVH,147,Y,1.0,Flat,1
63,M,NAP,135,172,0,ST,136,Y,1.3,Flat,1
61,M,ATA,120,287,0,LVH,160,N,1.7,Flat,1
60,M,ASY,139,229,0,Normal,135,Y,0.8,Up,1
40,M,ASY,102,1,1,Normal,139,Y,1.3,Flat,1
36,M,ASY,135,359,0,Normal,168,N,0.5,Up,0
63,M,ASY,112,19,0,Normal,95,Y,0.2,Flat,1
62,M,NAP,133,332,0,Normal,156,N,-0.4,Up,1
56,M,ASY,143,362,0,Normal,127,Y,4.6,Flat,1
69,M,ASY,170,366,1,ST,128,Y,-0.1,Flat,1
58,M,ASY,148,200,0,Normal,146,Y,-0.7,Up,1
44,M,NAP,129,149,0,Normal,155,N,0.4,Up,0
38,M,ASY,127,218,0,Normal,175,N,-0.3,Up,0
55,M,NAP,132,218,1,LVH,178,N,3.0,Flat,0
57,M,ASY,159,5,1,Normal,143,N,0.8,Flat,1
48,M,ASY,114,298,0,Normal,134,N,0.9,Flat,0
37,M,NAP,140,286,0,Normal,132,N,0.2,Up,0
50,M,ASY,147,188,0,Normal,119,Y,0.8,Flat,1
69,M,TA,142,259,1,Normal,126,N,2.9,Up,1
48,M,NAP,132,194,0,Normal,172,N,0.1,Up,0
42,M,ASY,97,188,0,LVH,160,N,1.0,Up,1
60,M,ASY,142,174,1,ST,132,Y,1.1,Flat,1
63,M,ASY,106,1,1,Normal,124,Y,1.5,Down,1
57,M,ASY,133,264,0,Normal,134,Y,1.7,Flat,1
47,M,NAP,165,13,0,Normal,117,Y,0.4,Flat,1
59,M,ASY,140,283,0,Normal,89,Y,2.9,Flat,1
41,M,ASY,140,354,0,Normal,165,N,0.0,Up,0
56,M,ASY,139,1,0,Normal,107,Y,2.1,Flat,1
56,M,ASY,133,225,0,Normal,91,Y,0.5,Flat,1
42,M,ASY,130,343,0,Normal,122,Y,3.2,Flat,1
54,F,NAP,109,334,0,Normal,171,N,-0.3,Up,0
51,M,ASY,145,198,1,LVH,155,Y,3.3,Down,1
65,M,ASY,128,265,0,Normal,102,Y,2.1,Flat,1
40,M,ASY,117,230,0,Normal,151,N,1.1,Flat,1
40,M,NAP,119,217,0,Normal,149,Y,1.2,Flat,0
68,M,ASY,141,1,0,Normal,121,Y,3.5,Flat,1
62,F,ASY,143,277,0,LVH,159,N,3.9,Down,1
64,M,ASY,135,269,1,LVH,147,Y,1.9,Up,1
61,M,ASY,147,294,1,ST,106,Y,2.3,Flat,1
55,M,ASY,142,253,0,LVH,117,Y,0.6,Flat,1
50,M,ASY,128,321,0,Normal,141,N,0.8,Flat,0
61,M,ASY,159,1,0,Normal,86,Y,-0.4,Flat,1
59,M,ASY,131,252,0,Normal,143,Y,2.0,Flat,1
50,M,NAP,126,222,0,Normal,174,N,0.3,Up,0
36,M,NAP,122,149,0,ST,151,N,0.4,Up,0
34,M,ATA,127,246,0,Normal,150,N,0.0,Up,0
52,M,ASY,131,2,0,Normal,55,N,0.4,Flat,1
64,F,ASY,197,1,0,Normal,137,Y,0.9,Flat,1
35,M,ATA,109,299,0,LVH,178,N,-0.3,Up,0
42,M,ATA,135,195,0,Normal,131,N,-0.5,Up,0
63,M,ASY,151,1,0,Normal,83,Y,1.8,Flat,1
44,F,ATA,112,185,0,Normal,190,N,-0.4,Up,0
45,M,ASY,123,231,0,Normal,130,N,0.7,Up,0
59,F,ASY,145,278,0,LVH,132,Y,1.2,Flat,1
37,M,NAP,119,15,0,Normal,138,Y,-0.0,Flat,1
61,M,ASY,117,297,0,ST,133,Y,4.6,Down,1
63,M,ASY,124,242,0,ST,125,N,0.0,Flat,0
58,F,TA,124,314,0,Normal,97,N,1.0,Flat,0
54,M,ASY,116,259,0,Normal,118,Y,0.7,Flat,1
34,M,ATA,110,269,0,Normal,180,N,-0.1,Up,0
48,M,ASY,143,303,0,LVH,151,Y,0.9,Flat,1
55,M,NAP,158,1,1,LVH,114,Y,0.3,Flat,1
52,M,NAP,117,206,0,Normal,148,Y,2.0,Flat,1
52,F,NAP,127,329,0,ST,82,Y,0.5,Flat,1
67,M,ASY,180,321,0,LVH,117,Y,1.5,Flat,1
61,M,NAP,114,202,0,LVH,85,N,-0.2,Up,0
58,M,ATA,156,252,1,ST,162,N,0.5,Flat,1
61,F,TA,186,187,0,Normal,120,N,-0.3,Up,0
34,M,NAP,126,185,0,ST,157,N,-0.1,Up,0
55,F,ATA,109,253,0,Normal,150,N,1.0,Flat,1
56,M,ASY,147,1,1,Normal,103,Y,0.6,Flat,1
52,F,NAP,113,262,0,Normal,150,N,1.8,Flat,0
55,M,ASY,127,232,0,LVH,118,Y,2.5,Down,1
79,F,ATA,118,278,0,LVH,120,Y,-0.6,Up,0
63,M,ATA,135,213,1,ST,123,Y,0.8,Flat,1
50,M,NAP,138,254,1,LVH,177,N,2.3,Flat,0
65,M,ASY,155,205,0,Normal,123,Y,2.0,Flat,1
55,M,NAP,158,215,0,LVH,159,N,1.6,Up,0
51,F,ATA,123,246,0,Normal,160,N,0.6,Up,0
64,M,ASY,126,141,1,LVH,141,Y,0.4,Flat,1
55,M,ATA,145,254,1,Normal,139,N,-0.4,Up,0
67,M,ASY,160,228,0,Normal,122,Y,1.0,Flat,1
35,M,ASY,121,1,1,Normal,131,Y,1.9,Flat,1
52,M,ASY,149,193,1,ST,115,Y,1.0,Flat,1
58,M,ATA,133,146,0,ST,123,N,0.1,Up,0
69,F,ASY,157,1,1,Normal,87,N,-0.0,Flat,1
59,M,ASY,132,3,1,Normal,81,N,2.4,Flat,1
66,M,ASY,113,255,0,Normal,137,N,1.2,Up,1
51,M,ASY,120,174,1,Normal,122,Y,1.9,Flat,1
71,M,ASY,149,259,1,ST,130,Y,4.1,Down,1
53,M,ASY,122,1,1,Normal,115,N,0.5,Flat,1
53,F,ATA,117,221,1,Normal,149,N,0.3,Up,0
29,M,ASY,123,227,0,Normal,161,Y,1.1,Flat,1
68,M,NAP,150,209,1,Normal,122,N,0.3,Flat,1
47,M,ASY,166,168,0,Normal,102,Y,3.2,Flat,1
40,M,ASY,125,337,0,Normal,128,Y,2.8,Flat,1
62,M,ASY,149,187,0,Normal,163,N,0.1,Up,1
59,M,NAP,109,329,0,Normal,102,Y,0.2,Flat,1
44,M,ASY,154,334,0,Normal,109,Y,1.8,Flat,1
57,M,ATA,153,243,0,LVH,179,N,0.2,Up,1
43,M,ASY,111,273,0,Normal,136,N,-0.3,Up,0
63,M,ASY,117,267,0,Normal,124,Y,4.3,Flat,1
38,M,ATA,186,249,0,Normal,103,N,-0.7,Up,0
76,M,ASY,167,274,0,Normal,92,Y,1.7,Down,1
50,M,NAP,183,193,1,Normal,153,N,0.6,Up,0
70,F,TA,154,222,0,Normal,134,N,2.8,Down,0
46,M,ASY,123,298,0,LVH,163,N,0.3,Flat,1
61,M,ATA,130,210,0,Normal,133,N,0.8,Flat,0
55,M,NAP,126,5,1,Normal,98,N,-2.0,Flat,1
64,M,ASY,138,286,0,ST,111,Y,1.1,Flat,1
57,M,ASY,118,23,1,ST,89,N,-1.4,Up,1
54,F,ATA,136,291,0,LVH,146,N,1.3,Flat,0
36,F,ASY,132,190,0,ST,186,N,-0.6,Up,0
59,F,ASY,130,269,0,LVH,150,N,0.6,Up,0
59,M,ASY,100,1,1,Normal,203,N,1.1,Down,1
60,M,ASY,112,184,1,Normal,164,Y,2.0,Up,1
43,F,ASY,138,357,1,LVH,135,Y,3.6,Flat,1
62,M,ASY,133,306,0,LVH,168,N,1.1,Flat,1
52,M,ASY,115,200,0,Normal,146,N,-0.3,Flat,1
50,M,ASY,116,232,0,Normal,110,Y,-0.9,Flat,1
55,M,ASY,131,181,0,Normal,142,N,0.3,Flat,0
52,M,TA,160,296,1,Normal,191,N,1.8,Flat,0
45,M,NAP,122,344,0,Normal,158,N,1.6,Up,0
57,M,ATA,154,339,0,Normal,158,N,-0.1,Up,0
40,M,ASY,145,16,1,Normal,141,N,-0.2,Flat,1
51,M,ASY,125,240,0,Normal,128,Y,2.1,Flat,1
72,F,ATA,158,329,0,Normal,160,N,0.9,Up,0
40,F,NAP,104,263,0,LVH,171,Y,-0.5,Up,0
59,M,ASY,131,152,0,Normal,126,Y,0.5,Flat,1
59,M,NAP,127,1,0,Normal,74,Y,0.5,Flat,1
55,M,ASY,116,315,0,Normal,148,Y,3.3,Flat,1
56,M,ASY,146,224,0,ST,144,Y,2.4,Up,1
41,M,ATA,111,213,0,Normal,158,N,0.6,Up,0
47,M,ASY,96,21,1,ST,130,N,-3.1,Flat,1
41,M,NAP,133,246,0,Normal,186,N,0.3,Up,0
62,F,ASY,150,423,0,LVH,164,N,1.2,Flat,0
51,M,ASY,146,198,0,ST,146,Y,5.2,Flat,1
51,F,NAP,124,258,0,Normal,159,Y,1.2,Up,0
33,M,ASY,118,498,0,Normal,126,N,-0.1,Flat,1
51,M,ASY,93,1,1,Normal,95,Y,1.1,Flat,1
63,M,NAP,151,1,0,Normal,77,Y,-0.0,Flat,1
58,M,ASY,151,281,0,Normal,89,Y,3.4,Flat,1
54,F,ATA,127,399,0,LVH,145,N,0.4,Up,0
48,M,ASY,124,267,0,ST,147,N,-0.1,Up,0
44,M,ATA,116,292,0,LVH,171,N,0.3,Up,0
56,M,ASY,139,246,0,Normal,87,Y,0.9,Flat,1
64,M,ASY,109,284,0,Normal,141,N,1.5,Up,1
60,M,ASY,129,147,0,Normal,118,Y,1.4,Flat,1
58,F,ASY,193,315,1,LVH,133,Y,3.7,Down,1
56,M,ATA,135,270,0,Normal,165,N,0.3,Up,0
45,F,ATA,124,131,0,Normal,190,N,-0.2,Up,0
36,M,NAP,117,315,0,Normal,188,N,0.8,Flat,0
56,M,ATA,119,177,0,Normal,171,N,0.2,Up,0
49,M,NAP,109,258,0,Normal,175,N,-0.3,Flat,1
40,M,ATA,121,189,0,Normal,166,Y,0.7,Flat,0
51,M,TA,142,276,1,Normal,186,N,1.6,Flat,0
56,M,NAP,140,247,0,ST,132,Y,1.6,Flat,1
65,M,NAP,123,9,1,ST,167,N,2.5,Flat,0
59,M,ASY,147,274,1,LVH,124,Y,0.3,Flat,1
44,M,NAP,127,268,0,Normal,183,N,-0.1,Up,0
55,M,ASY,149,233,0,Normal,106,Y,0.0,Flat,0
56,M,ASY,151,262,0,LVH,144,Y,-0.1,Flat,1
45,M,NAP,150,1,0,Normal,116,Y,1.3,Flat,1
48,F,ASY,123,154,0,Normal,95,Y,1.7,Flat,1
67,M,ASY,129,206,0,Normal,55,N,0.6,Flat,1
36,M,ASY,143,309,0,Normal,169,N,0.2,Up,0
44,M,ASY,130,270,0,Normal,104,N,0.3,Flat,1
39,M,TA,155,120,0,Normal,181,N,-0.3,Flat,1
57,M,ASY,98,209,0,Normal,145,N,0.4,Up,1
32,M,ASY,135,286,0,LVH,161,Y,0.7,Up,1
56,F,ASY,112,389,0,Normal,157,Y,1.1,Up,0
48,F,NAP,123,199,0,Normal,116,N,0.4,Up,0
58,F,ATA,111,250,0,LVH,176,N,0.1,Flat,1
38,M,NAP,109,233,0,LVH,159,N,0.8,Flat,0
67,F,ASY,182,218,1,Normal,160,Y,1.0,Flat,1
49,M,ASY,105,2,0,Normal,121,Y,0.7,Flat,1
43,M,NAP,137,227,0,Normal,166,N,-0.4,Up,0
48,F,NAP,127,233,0,Normal,151,N,1.3,Flat,0
56,M,ASY,152,141,0,LVH,111,Y,2.5,Down,1
54,M,ASY,112,18,0,ST,100,Y,-0.9,Down,1
32,M,TA,136,157,0,Normal,184,N,0.0,Flat,1
48,M,TA,132,268,1,Normal,187,N,1.8,Flat,1
65,M,ASY,142,273,1,ST,106,Y,2.1,Flat,1
31,M,ATA,141,243,0,Normal,167,N,-0.4,Up,0
64,M,ASY,139,268,1,ST,125,Y,1.3,Flat,1
49,F,ATA,153,253,0,Normal,151,N,1.3,Up,0
55,M,TA,154,279,0,LVH,117,N,0.3,Up,1
63,M,ASY,171,1,1,ST,139,N,0.7,Flat,1
63,M,ASY,128,1,0,Normal,87,Y,0.1,Flat,1
58,M,ASY,96,1,1,Normal,177,N,0.4,Down,1
40,F,NAP,119,184,0,ST,174,N,-0.1,Up,0
33,M,ATA,119,264,0,Normal,142,N,0.1,Flat,1
58,M,ASY,147,6,0,Normal,117,Y,0.2,Flat,1
57,M,ASY,144,367,1,LVH,125,N,0.4,Up,0
75,M,TA,148,209,1,Normal,128,Y,1.9,Flat,1
42,M,ATA,116,302,0,ST,155,N,-0.4,Up,0
57,M,ASY,145,277,0,ST,121,Y,1.6,Flat,1
48,M,ATA,185,203,0,ST,129,N,0.2,Up,0
42,F,ATA,124,304,0,Normal,121,N,0.2,Up,0
49,M,ASY,145,322,0,ST,123,Y,2.2,Flat,1
37,M,ATA,135,297,0,Normal,156,N,0.3,Up,0
32,M,ASY,108,1,1,Normal,129,Y,0.7,Flat,1
72,M,ASY,159,323,0,Normal,116,Y,1.3,Down,1
66,M,ATA,152,260,0,Normal,118,Y,-0.1,Flat,1
74,F,NAP,135,187,0,ST,123,N,0.7,Flat,0
36,M,ASY,127,1,1,Normal,114,Y,0.9,Flat,1
59,M,ATA,138,226,0,ST,137,Y,1.1,Flat,1
67,M,ASY,139,162,0,Normal,114,Y,2.0,Down,1
61,M,NAP,159,254,1,Normal,137,Y,0.9,Flat,0
48,M,ASY,172,258,0,ST,108,N,-0.6,Up,0
49,M,ASY,136,343,0,ST,119,Y,3.2,Flat,1
71,M,NAP,170,1,0,LVH,105,N,1.7,Flat,0
56,M,NAP,150,227,0,LVH,177,N,1.6,Up,0
70,F,ASY,100,126,0,Normal,117,N,1.7,Flat,0
54,M,ASY,144,264,0,Normal,124,Y,2.2,Flat,1
65,M,NAP,137,325,0,Normal,160,N,0.3,Up,1
58,M,ASY,182,302,0,LVH,153,Y,2.9,Down,1
44,M,ASY,115,162,0,Normal,119,Y,1.5,Flat,1
52,M,ASY,140,208,1,ST,138,N,0.6,Up,0
44,M,ATA,134,170,0,Normal,160,N,-0.0,Up,0
58,M,NAP,118,22,1,Normal,182,N,2.6,Flat,1
56,M,NAP,128,249,1,LVH,145,Y,-0.5,Flat,1
43,F,NAP,153,210,0,Normal,170,N,-0.4,Up,0
39,F,ASY,98,1,1,Normal,170,N,3.0,Up,1
39,M,ASY,132,190,0,ST,119,N,2.4,Flat,1
61,M,NAP,123,1,1,Normal,170,N,2.9,Flat,1
52,M,NAP,133,190,0,Normal,161,N,2.0,Flat,1
55,M,ATA,130,234,0,Normal,120,N,0.7,Up,0
58,M,ASY,133,194,0,LVH,108,Y,2.5,Flat,1
57,M,ASY,131,203,0,Normal,133,N,-0.1,Up,0
47,M,ASY,99,217,0,LVH,138,Y,3.8,Flat,0
59,M,ATA,126,157,0,Normal,95,N,-0.4,Up,0
51,M,ASY,127,1,0,Normal,106,N,-0.5,Up,0
53,M,ASY,120,108,0,Normal,130,N,-0.1,Up,0
44,F,ASY,134,198,0,Normal,106,Y,1.2,Flat,1
56,M,ATA,143,216,0,Normal,164,N,-0.1,Up,0
56,M,ASY,80,1,1,Normal,185,N,1.0,Down,1
50,M,NAP,166,202,1,Normal,164,N,0.5,Up,0
51,F,NAP,108,162,0,Normal,112,N,-0.0,Up,0
68,M,ASY,113,225,0,Normal,58,N,1.0,Flat,1
53,M,NAP,150,190,1,ST,112,Y,1.0,Flat,1
61,F,ASY,150,249,0,Normal,141,Y,0.9,Flat,1
67,M,ASY,111,2,1,Normal,115,Y,1.2,Down,1
53,F,ASY,176,336,0,ST,120,Y,3.1,Flat,1
63,M,ASY,130,1,1,Normal,69,N,2.4,Flat,1
50,M,ASY,130,1,0,Normal,61,N,0.5,Flat,1
64,M,NAP,132,4,0,LVH,132,Y,1.0,Flat,1
65,M,ASY,143,202,0,Normal,131,N,-0.5,Flat,1
60,M,NAP,124,240,1,Normal,140,N,1.9,Flat,1
54,M,ASY,140,329,0,Normal,93,Y,3.1,Flat,1
56,F,ATA,127,312,1,LVH,158,N,0.5,Up,1
50,M,ATA,112,168,0,Normal,111,N,0.2,Up,0
60,M,TA,119,256,0,ST,134,Y,0.8,Flat,1
60,M,ASY,136,1,1,Normal,131,Y,1.0,Up,1
37,M,NAP,141,188,0,Normal,174,N,0.1,Up,0
50,M,NAP,145,208,0,Normal,168,N,0.0,Up,0
52,F,NAP,136,310,0,LVH,139,N,1.3,Up,0
42,M,ATA,112,186,0,Normal,173,N,-0.1,Up,0
31,M,ATA,159,221,0,ST,159,N,-0.2,Up,0
49,M,NAP,111,1,1,Normal,118,Y,-0.4,Flat,1
58,M,ASY,166,201,0,Normal,109,N,2.5,Flat,1
44,M,NAP,127,157,0,Normal,152,N,0.3,Up,0
49,F,ASY,146,289,0,Normal,166,N,-0.1,Up,0
38,F,ATA,124,145,0,Normal,177,N,0.1,Up,0
53,M,ASY,131,1,1,Normal,110,N,0.1,Flat,1
52,M,NAP,144,199,1,LVH,160,N,2.0,Down,0
49,M,ATA,92,191,0,Normal,108,N,0.3,Up,0
34,M,ASY,122,293,0,LVH,159,Y,0.3,Up,1
63,M,ASY,132,264,0,ST,126,Y,1.5,Flat,1
67,M,TA,150,265,1,LVH,138,N,-0.1,Flat,0
58,M,ASY,145,237,1,LVH,140,Y,0.5,Flat,1
39,M,ATA,188,246,0,Normal,116,N,0.2,Up,0
42,F,NAP,118,252,0,Normal,148,N,0.0,Flat,0
64,M,ATA,143,199,1,ST,121,Y,1.4,Flat,1
41,M,ASY,77,131,0,Normal,132,Y,2.8,Flat,1
44,M,ASY,152,299,0,LVH,144,Y,-0.7,Flat,1
59,M,ASY,107,212,0,Normal,114,N,-0.3,Flat,1
34,F,NAP,114,145,0,ST,174,N,0.1,Up,0
51,M,ASY,137,234,1,ST,148,N,-0.5,Up,0
44,M,NAP,141,228,0,Normal,133,N,-0.5,Up,0
58,M,ASY,129,276,0,Normal,131,Y,1.3,Up,1
48,M,ASY,113,221,0,Normal,111,N,0.2,Flat,1
56,M,ASY,156,198,0,LVH,112,Y,3.2,Down,1
57,M,ASY,112,10,1,ST,121,Y,2.0,Up,1
58,M,TA,152,270,0,LVH,120,N,0.0,Up,1
48,M,ASY,161,347,0,Normal,88,Y,2.4,Flat,1
54,M,ASY,117,116,0,Normal,120,Y,1.0,Flat,1
50,M,NAP,91,9,1,ST,105,Y,0.9,Down,1
55,M,ASY,143,225,0,LVH,178,N,0.2,Up,0
51,M,ASY,149,1,1,ST,140,Y,1.8,Flat,1
37,M,ASY,107,218,0,Normal,158,Y,1.1,Flat,1
61,M,ASY,136,360,1,LVH,147,N,0.5,Up,0
63,M,ASY,170,18,1,ST,146,N,1.4,Flat,1
36,M,ASY,130,329,0,Normal,160,N,0.0,Up,0
66,M,ASY,137,1,0,Normal,83,Y,0.5,Flat,1
51,M,ASY,116,142,0,Normal,154,N,-0.3,Flat,1
58,M,NAP,141,197,1,ST,125,Y,1.8,Flat,1
54,M,ASY,121,243,0,Normal,137,Y,1.3,Flat,0
48,M,ASY,115,221,0,ST,125,Y,1.3,Flat,0
55,M,ASY,125,1,0,ST,98,Y,-1.4,Down,1
46,M,ASY,137,252,0,ST,142,N,0.1,Up,0
47,M,ASY,129,300,1,Normal,125,Y,-0.7,Up,0
65,M,ASY,121,258,0,Normal,97,Y,0.4,Flat,0
53,M,ASY,123,211,0,Normal,112,N,2.4,Flat,1
62,F,ASY,124,358,0,LVH,175,N,0.3,Up,1
59,M,ASY,131,293,0,ST,112,Y,1.8,Flat,1
65,M,TA,95,193,0,LVH,130,Y,2.1,Flat,0
54,M,ATA,109,157,0,Normal,139,N,0.2,Up,0
54,F,ATA,130,311,1,LVH,163,Y,0.2,Up,0
38,F,NAP,109,182,0,ST,179,N,0.2,Up,0
57,M,NAP,144,137,0,Normal,167,N,1.4,Up,0
55,M,NAP,134,167,0,ST,136,N,0.1,Up,0
45,F,ATA,122,162,0,Normal,190,N,0.0,Up,0
67,F,NAP,149,392,1,LVH,144,N,0.7,Up,0
79,M,ASY,123,130,0,ST,97,Y,1.5,Up,1
48,M,NAP,126,206,0,Normal,147,Y,1.1,Flat,0
64,F,ATA,134,1,0,Normal,130,N,0.2,Up,0
69,M,NAP,139,186,1,Normal,128,N,0.3,Flat,1
70,M,ASY,144,323,1,ST,115,Y,1.8,Flat,1
65,M,ASY,136,364,0,Normal,119,Y,2.9,Flat,1
37,M,ASY,134,1,1,Normal,152,N,-0.3,Flat,1
61,M,ASY,114,277,0,Normal,103,Y,2.0,Flat,1
52,M,ASY,123,1,1,Normal,106,N,0.5,Flat,1
46,M,ASY,169,288,0,ST,120,N,0.4,Up,0
53,M,ATA,120,187,0,Normal,122,N,0.2,Up,0
59,M,ASY,145,2,1,Normal,92,Y,0.4,Flat,1
46,M,ATA,157,343,0,Normal,139,Y,3.0,Flat,1
66,F,ASY,149,18,1,Normal,89,N,0.6,Flat,1
48,M,NAP,115,243,0,Normal,177,N,0.4,Flat,1
45,F,ATA,121,273,0,Normal,106,N,-0.3,Up,0
66,F,ASY,154,260,0,Normal,141,Y,1.1,Flat,1
45,M,ASY,148,277,0,Normal,96,Y,0.5,Flat,1
56,M,ASY,123,283,1,ST,139,Y,2.5,Flat,1
64,M,ASY,142,224,0,LVH,91,Y,2.3,Down,1
54,M,ATA,118,332,0,Normal,163,N,0.7,Up,0
49,F,NAP,115,255,0,Normal,150,N,2.0,Flat,0
47,M,ASY,125,232,0,Normal,111,N,-0.6,Flat,1
54,F,NAP,98,291,0,Normal,137,N,0.9,Up,0
52,M,ASY,132,305,0,Normal,106,Y,1.0,Flat,1
49,M,ASY,150,352,0,LVH,117,Y,0.6,Up,1
58,M,ATA,133,211,0,Normal,179,Y,0.4,Up,0
40,M,ASY,91,16,1,ST,131,N,0.7,Up,1
58,M,ASY,107,233,0,ST,120,N,-0.1,Up,0
51,F,ASY,166,326,0,ST,130,Y,3.4,Flat,1
58,M,ASY,129,262,1,LVH,125,Y,0.1,Flat,1
69,M,ASY,138,240,0,ST,137,Y,1.6,Flat,1
63,M,ASY,124,223,0,ST,139,N,0.3,Flat,0
54,F,NAP,108,216,0,Normal,155,N,2.2,Flat,0
67,M,ATA,150,256,0,Normal,114,Y,-0.0,Flat,1
43,M,TA,112,262,0,Normal,129,N,0.9,Flat,1
49,M,NAP,137,207,0,Normal,164,N,-0.2,Up,0
34,M,ATA,114,265,0,Normal,132,N,0.4,Flat,1
55,M,ASY,128,1,0,Normal,115,N,-0.7,Flat,1
49,M,ASY,112,275,0,ST,134,Y,1.1,Flat,0
66,M,ASY,116,279,0,Normal,105,Y,1.1,Flat,0
57,F,ASY,162,293,0,LVH,149,N,0.7,Up,1
46,M,ASY,117,264,0,LVH,144,N,1.0,Up,1
42,M,ATA,109,241,0,Normal,144,N,0.5,Up,0
57,M,ASY,118,361,0,Normal,134,Y,3.5,Flat,1
52,M,NAP,88,217,0,Normal,153,Y,-0.0,Up,0
47,M,ATA,141,270,0,Normal,179,N,0.9,Up,0
53,M,NAP,132,193,0,Normal,144,N,0.6,Up,0
69,M,ASY,144,1,0,Normal,134,Y,2.6,Flat,1
61,M,ASY,127,1,0,Normal,114,Y,1.2,Flat,1
46,M,ATA,123,250,0,Normal,115,N,0.1,Up,0
34,M,NAP,132,169,0,ST,159,N,-0.1,Up,0
55,M,ASY,131,212,1,ST,135,Y,0.5,Flat,1
40,F,ATA,119,184,0,Normal,187,N,0.1,Up,0
60,M,NAP,129,1,0,Normal,90,Y,0.1,Flat,1
61,M,ASY,133,203,0,LVH,137,Y,4.4,Up,1
35,M,ASY,117,182,0,Normal,124,Y,1.8,Flat,1
61,M,ASY,124,304,0,ST,131,Y,3.9,Down,1
30,F,TA,111,182,0,ST,173,N,-0.3,Up,0
45,F,ASY,131,322,0,Normal,140,N,-0.2,Up,0
65,M,ASY,155,377,0,Normal,120,Y,2.0,Flat,1
67,F,TA,152,216,0,Normal,106,N,2.4,Down,0
42,M,ASY,114,210,0,LVH,159,Y,3.3,Flat,0
43,M,TA,129,299,0,ST,152,N,0.2,Flat,1
43,M,ASY,150,401,0,Normal,187,N,0.4,Up,0
62,M,ASY,131,27,0,Normal,112,Y,1.8,Flat,1
48,F,NAP,121,287,0,Normal,138,N,-0.1,Up,0
63,M,ASY,150,1,0,ST,115,Y,1.4,Flat,1
51,M,ASY,128,204,0,Normal,112,Y,0.0,Flat,1
34,M,NAP,127,196,0,Normal,161,N,-0.1,Up,0
58,M,TA,181,248,0,LVH,149,N,4.4,Down,0
54,M,ATA,132,229,0,Normal,118,N,0.2,Up,0
73,M,TA,140,246,1,Normal,105,Y,1.4,Flat,1
45,M,ASY,115,205,0,Normal,149,Y,3.3,Down,1
75,F,NAP,140,217,0,ST,108,N,1.0,Flat,0
75,M,ASY,127,197,0,ST,99,Y,2.6,Up,1
47,M,NAP,109,235,0,Normal,140,N,-0.5,Up,0
53,F,NAP,128,285,0,Normal,132,N,0.1,Up,0
54,M,ASY,119,7,1,Normal,120,N,1.4,Up,1
57,F,ASY,139,245,0,LVH,166,N,-0.7,Up,0
55,M,ASY,124,15,0,ST,155,N,0.2,Flat,1
59,M,ASY,107,1,1,Normal,106,N,-0.7,Flat,1
40,M,ASY,125,234,0,Normal,130,N,1.1,Flat,1
58,M,ASY,101,263,0,Normal,168,N,0.5,Up,1
36,M,NAP,124,236,0,LVH,180,N,0.8,Flat,0
55,M,ASY,122,1,0,LVH,103,Y,1.2,Down,1
74,M,ASY,173,213,1,ST,95,N,0.3,Flat,1
43,F,ATA,175,282,0,Normal,169,N,-0.1,Up,0
58,M,ASY,145,1,0,Normal,113,Y,1.9,Flat,1
44,F,ASY,148,266,0,LVH,168,Y,0.4,Flat,0
55,M,ASY,145,1,0,Normal,120,Y,1.6,Flat,1
61,F,NAP,112,178,1,Normal,91,N,-0.2,Up,0
40,M,ATA,131,203,0,Normal,115,N,0.3,Up,0
53,M,ASY,139,243,0,Normal,99,Y,2.1,Flat,1
53,M,ASY,125,259,0,Normal,98,Y,1.6,Flat,1
41,M,ATA,136,303,0,LVH,169,N,-0.1,Up,0
43,M,ATA,119,196,0,Normal,187,N,0.3,Up,0
58,M,ATA,155,225,0,LVH,169,N,0.3,Up,1
56,M,NAP,126,243,0,LVH,172,N,1.5,Up,0
60,M,ASY,117,286,0,ST,133,Y,3.8,Down,1
46,F,NAP,121,244,0,Normal,140,N,0.3,Flat,0
64,M,TA,146,274,1,Normal,118,N,2.7,Up,1
57,M,ASY,143,249,0,Normal,150,N,0.2,Flat,0
45,M,ASY,108,196,0,LVH,184,N,-0.4,Up,1
39,M,NAP,129,218,0,Normal,175,N,0.5,Up,0
49,F,ATA,109,157,1,ST,156,N,-0.3,Up,0
54,M,ASY,122,317,0,LVH,110,Y,2.3,Flat,1
65,M,ASY,135,283,1,ST,108,Y,1.7,Flat,1
55,M,NAP,110,4,1,Normal,166,N,2.5,Flat,1
36,M,ATA,111,278,0,Normal,162,N,3.5,Flat,1
61,M,NAP,142,223,0,Normal,144,N,1.8,Flat,0
54,M,ASY,113,1,1,ST,89,N,-1.1,Up,1
61,F,ASY,132,330,0,LVH,163,N,-0.1,Up,1
67,F,NAP,148,259,0,Normal,177,N,-0.2,Up,0
38,M,ATA,106,276,0,Normal,173,N,2.8,Flat,1
34,M,ATA,157,181,0,ST,170,N,-0.2,Up,0
75,F,NAP,143,35,0,ST,127,N,0.6,Up,1
74,F,ATA,116,285,0,LVH,126,Y,0.4,Up,0
34,M,TA,140,169,0,Normal,195,N,-0.1,Flat,1
44,M,ATA,122,161,0,Normal,153,N,0.3,Up,0
39,M,ASY,114,320,0,Normal,124,Y,2.4,Flat,1
42,M,NAP,97,368,0,Normal,184,N,1.5,Flat,0
51,F,NAP,114,302,0,Normal,152,N,2.1,Flat,0
59,M,NAP,99,264,0,LVH,144,Y,1.4,Flat,0
42,M,ASY,98,21,0,ST,121,N,0.4,Up,0
53,F,ATA,118,218,0,Normal,152,N,0.2,Up,0
65,M,ASY,126,1,0,Normal,90,Y,0.5,Flat,1
71,M,NAP,142,257,1,Normal,97,N,-0.2,Flat,1
57,M,ASY,151,343,0,ST,141,N,0.9,Up,0
59,M,ASY,138,229,0,Normal,140,Y,1.4,Up,1
60,M,ASY,151,1,0,ST,112,Y,0.5,Up,0
47,M,ATA,126,188,0,Normal,163,N,-0.3,Up,0
30,M,ATA,129,203,0,LVH,200,N,-0.3,Up,0
71,M,NAP,123,216,0,Normal,92,Y,1.1,Flat,1
42,F,NAP,103,211,0,ST,153,N,0.3,Up,0
56,M,ASY,119,191,0,ST,138,Y,1.8,Flat,1
67,F,ASY,111,256,0,Normal,161,Y,2.0,Flat,1
52,F,ATA,123,272,0,Normal,118,N,0.5,Up,0
59,M,ASY,129,194,0,Normal,145,Y,2.9,Down,1
61,M,ASY,156,1,1,ST,128,N,1.1,Flat,1
55,M,ATA,132,214,0,Normal,187,N,0.8,Up,0
63,M,ASY,116,272,0,Normal,133,Y,4.2,Flat,1
61,M,ASY,155,166,0,ST,99,Y,1.6,Up,1
59,M,ASY,135,227,0,Normal,139,Y,1.7,Up,1
71,M,ASY,159,283,1,ST,126,Y,2.5,Flat,1
53,F,ATA,117,310,0,Normal,151,N,1.8,Flat,0
58,F,ATA,131,299,1,LVH,146,N,-0.3,Up,1
50,M,ATA,108,9,0,Normal,93,N,-0.4,Flat,1
36,M,ASY,132,2,1,Normal,131,Y,1.1,Flat,1
48,M,ASY,138,513,0,Normal,136,N,0.2,Flat,1
55,M,ATA,112,315,0,Normal,160,N,0.2,Up,0
75,M,ASY,168,202,0,Normal,109,Y,2.2,Flat,1
59,M,ASY,108,1,1,Normal,99,Y,1.7,Up,1
60,M,NAP,105,2,1,Normal,140,N,2.3,Up,1
48,M,ASY,142,198,0,LVH,131,Y,0.5,Flat,1
55,M,ASY,142,134,0,ST,145,N,0.4,Up,0
41,M,ATA,117,225,0,Normal,165,Y,1.0,Flat,0
60,M,ATA,157,288,1,ST,157,N,-0.0,Flat,1
51,F,ATA,155,291,0,Normal,128,N,0.0,Up,0
51,M,ATA,97,303,0,Normal,166,N,-0.3,Up,0
44,M,ASY,123,1,1,ST,135,N,2.0,Up,1
70,M,NAP,144,248,0,LVH,121,N,0.3,Up,0
36,M,ATA,108,188,0,Normal,194,N,-0.3,Up,0
60,M,NAP,156,113,1,Normal,188,N,0.0,Up,0
50,M,TA,124,164,0,Normal,155,N,1.7,Up,0
59,M,NAP,132,227,1,LVH,142,Y,0.3,Flat,1
51,F,ATA,129,205,0,Normal,168,N,-0.4,Up,0
69,M,NAP,121,237,0,Normal,109,Y,0.8,Flat,1
52,M,ASY,159,17,1,ST,150,Y,1.2,Flat,1
52,M,ASY,136,230,0,Normal,124,Y,2.2,Flat,1
61,F,ASY,151,221,0,LVH,164,N,2.7,Flat,1
59,M,TA,118,14,1,LVH,138,N,-0.4,Flat,1
52,M,ASY,152,302,0,Normal,177,Y,2.3,Up,1
56,M,NAP,116,8,1,Normal,134,Y,2.2,Up,1
60,M,ASY,143,320,0,ST,115,Y,1.7,Flat,1
40,M,ATA,143,281,0,Normal,146,N,0.3,Up,0
67,M,ASY,115,172,0,LVH,119,Y,2.8,Flat,1
62,M,ASY,124,233,0,LVH,134,N,1.4,Flat,1
71,M,ASY,119,226,1,LVH,81,Y,-0.0,Flat,1
55,F,ATA,109,469,0,Normal,125,N,-0.4,Up,0
77,M,TA,133,192,1,Normal,117,Y,2.1,Flat,1
43,F,ATA,125,176,0,LVH,176,N,1.4,Up,0
50,M,ATA,132,238,0,Normal,162,N,0.5,Up,0
58,F,ATA,140,211,0,LVH,172,N,0.3,Flat,1
40,M,ASY,122,229,0,Normal,133,N,1.0,Flat,1
46,M,ASY,99,223,0,Normal,122,Y,0.4,Flat,1
58,M,ASY,135,250,0,Normal,139,Y,1.1,Flat,1
58,F,ASY,146,243,0,LVH,154,N,3.3,Flat,1
53,M,ASY,126,228,1,ST,99,N,-0.5,Flat,1
61,M,ASY,115,1,1,Normal,66,Y,-0.3,Flat,1
39,M,ATA,188,245,0,Normal,102,N,0.1,Up,0
58,M,ASY,119,274,0,Normal,136,N,0.4,Up,0
54,M,ASY,110,205,0,LVH,106,Y,-0.1,Flat,1
60,M,ASY,157,197,0,Normal,110,N,1.2,Flat,1
60,M,ASY,125,285,0,LVH,174,N,-0.1,Up,1
67,M,TA,151,262,1,Normal,137,N,2.4,Up,1
67,F,ASY,186,269,1,Normal,175,Y,0.3,Flat,1
45,M,ASY,147,282,0,LVH,163,Y,0.0,Flat,1
57,M,ASY,96,198,0,LVH,112,Y,-0.4,Flat,1
56,M,ASY,149,231,0,Normal,114,Y,0.7,Flat,0
72,M,ATA,141,1,1,ST,119,N,1.2,Up,1
67,M,ASY,166,405,1,ST,137,Y,0.7,Flat,1
49,M,ASY,102,230,0,Normal,120,Y,1.9,Flat,1
64,F,ASY,191,1,0,Normal,128,Y,1.2,Flat,1
64,M,ASY,176,283,1,ST,100,Y,1.9,Flat,1
47,M,ASY,132,347,0,Normal,110,Y,1.2,Flat,1
54,M,ASY,139,311,1,LVH,107,Y,1.5,Down,1
60,M,ASY,141,166,0,Normal,133,N,0.3,Up,0
45,M,ATA,97,158,0,Normal,109,N,0.2,Up,0
60,M,ASY,105,1,1,Normal,120,Y,1.4,Up,1
54,M,ASY,85,3,1,Normal,86,Y,0.3,Flat,1
65,F,ASY,95,1,1,Normal,155,N,1.3,Down,1
45,M,NAP,111,249,0,Normal,150,N,0.1,Up,0
44,M,ASY,147,251,0,Normal,148,Y,2.3,Flat,1
50,M,ASY,151,199,0,LVH,132,Y,0.8,Flat,1
57,M,ASY,112,176,0,Normal,119,Y,0.9,Flat,0
49,F,ATA,108,285,0,Normal,121,N,0.2,Up,0
54,M,ASY,127,1,0,ST,91,N,0.3,Up,1
47,M,TA,110,237,0,Normal,148,N,0.5,Up,0
52,M,NAP,101,1,0,Normal,102,N,0.0,Flat,1
53,M,ASY,156,236,0,ST,127,Y,1.5,Flat,1
46,F,ASY,149,265,0,Normal,119,Y,1.1,Flat,0
46,F,TA,91,234,0,Normal,122,N,-0.2,Up,0
59,M,ASY,140,329,0,LVH,168,N,-0.2,Up,1
55,M,ATA,120,297,0,LVH,154,N,1.8,Flat,1
55,M,NAP,111,253,0,LVH,158,N,2.2,Flat,1
57,M,ATA,151,269,0,LVH,139,N,-0.1,Up,1
64,M,ASY,143,1,1,ST,79,N,2.2,Flat,1
35,M,ASY,122,266,0,LVH,155,Y,0.4,Up,1
67,M,ASY,98,13,1,Normal,109,Y,1.4,Down,1
39,M,TA,115,231,0,Normal,185,Y,4.3,Flat,1
58,M,ASY,176,293,1,LVH,135,N,0.7,Flat,1
51,M,ASY,187,1,1,Normal,154,N,2.4,Flat,1
31,M,ATA,138,251,0,Normal,178,N,-0.2,Up,0
67,M,ASY,155,225,1,Normal,150,N,4.1,Flat,1
57,F,ATA,116,322,0,ST,152,N,0.7,Up,0
50,M,ATA,138,114,0,Normal,142,Y,-0.6,Up,0
49,M,NAP,130,152,0,Normal,135,Y,2.0,Flat,1
43,M,NAP,163,115,0,Normal,143,N,-0.1,Up,0
55,F,ATA,123,377,0,LVH,144,N,-0.2,Up,0
60,M,ASY,110,1,1,Normal,98,N,0.2,Flat,1
51,M,NAP,140,234,0,Normal,157,N,-0.4,Up,0
45,F,ASY,125,236,0,LVH,143,Y,0.2,Flat,0
55,M,ASY,138,264,0,Normal,129,Y,1.7,Flat,1
60,F,ASY,128,168,0,Normal,135,N,0.7,Flat,0
47,F,ATA,132,248,0,Normal,166,N,0.5,Up,0
57,M,NAP,110,1,1,Normal,106,N,-1.9,Flat,1
59,M,ASY,132,10,0,Normal,56,Y,0.4,Up,1
60,M,NAP,156,1,0,Normal,64,Y,0.2,Flat,1
68,M,ASY,148,126,0,Normal,98,Y,0.5,Flat,1
42,M,ASY,140,262,0,Normal,138,N,-0.3,Up,0
67,M,ASY,134,139,0,Normal,135,N,0.2,Up,0
54,M,ASY,125,6,0,ST,77,N,0.6,Up,1
58,M,ASY,107,174,0,Normal,112,N,0.1,Flat,1
59,F,ASY,102,240,0,LVH,134,N,1.2,Flat,0
56,M,ASY,137,1,0,Normal,75,N,-0.0,Flat,1
52,F,ATA,139,268,1,LVH,167,Y,-0.3,Up,0
59,M,ATA,119,231,0,Normal,150,N,0.5,Up,0
41,F,NAP,105,217,0,LVH,158,Y,-0.2,Up,0
53,M,ASY,119,1,1,ST,75,N,-0.9,Up,1
49,M,ASY,150,183,0,Normal,122,N,-0.0,Up,0
57,M,NAP,132,205,0,LVH,162,N,1.8,Up,0
67,M,ASY,152,274,1,ST,119,Y,1.3,Flat,1
69,F,NAP,119,199,0,LVH,130,N,1.9,Flat,0
53,M,ASY,125,212,0,Normal,100,Y,6.1,Down,1
35,M,ATA,126,202,0,ST,164,N,0.3,Up,0
65,M,ATA,127,215,1,ST,121,Y,1.3,Flat,1
35,M,ATA,150,240,0,ST,158,N,-0.2,Up,0
53,M,ATA,129,273,0,Normal,151,N,1.0,Up,0
57,M,ASY,137,199,0,LVH,105,Y,1.8,Flat,1
53,M,NAP,116,217,0,Normal,125,N,0.3,Up,0
38,M,ATA,111,238,0,Normal,145,N,0.1,Up,0
46,F,NAP,117,224,0,Normal,148,N,1.6,Flat,0
60,M,ASY,140,295,1,LVH,119,Y,0.1,Flat,1
60,M,NAP,122,262,0,LVH,145,N,-0.2,Up,0
33,M,ASY,112,532,0,Normal,134,N,0.1,Flat,1
53,M,NAP,132,7,1,Normal,99,N,-1.9,Flat,1
53,M,ASY,135,230,0,Normal,130,Y,2.9,Flat,1
68,M,ASY,113,6,1,ST,107,N,2.4,Flat,1
54,M,TA,116,140,0,Normal,142,N,2.2,Up,0
57,M,ASY,169,1,1,Normal,102,Y,2.2,Flat,1
58,M,ASY,149,259,0,Normal,91,Y,3.6,Flat,1
47,F,ATA,144,164,0,Normal,156,N,-0.3,Up,0
49,M,ASY,147,298,0,Normal,111,Y,4.1,Flat,1
38,M,ASY,127,292,0,Normal,99,Y,0.8,Down,1
52,M,ASY,122,4,0,Normal,161,N,0.2,Flat,1
60,M,ASY,130,264,0,ST,142,Y,4.3,Down,1
67,M,TA,153,18,0,LVH,126,N,-0.3,Flat,1
54,M,ASY,127,225,1,ST,150,N,0.7,Up,0
57,M,NAP,120,204,0,Normal,144,N,-0.3,Up,0
54,F,ATA,103,444,0,Normal,125,N,-0.1,Up,0
43,M,ASY,148,408,0,Normal,160,N,0.0,Up,0
71,M,ASY,145,22,0,Normal,120,Y,2.6,Flat,1
40,M,ASY,127,191,0,ST,136,N,1.7,Flat,1
56,M,ASY,134,176,0,Normal,162,N,0.5,Flat,0
42,M,ATA,99,186,1,Normal,173,N,0.3,Up,0
57,M,ASY,124,1,0,Normal,145,N,0.2,Flat,1
76,M,NAP,137,1,0,Normal,106,N,0.4,Up,0
67,M,NAP,105,192,0,LVH,63,N,0.3,Up,0
59,M,TA,114,1,1,LVH,141,N,-1.0,Flat,1
44,M,ATA,98,248,0,Normal,158,N,0.6,Up,0
64,M,NAP,142,319,0,Normal,159,N,-0.0,Up,1
47,M,ASY,108,206,0,LVH,138,Y,2.9,Flat,0
63,M,ASY,122,298,0,LVH,150,N,0.9,Flat,0
57,M,ASY,114,21,0,Normal,156,N,-0.2,Flat,1
55,M,NAP,122,183,0,Normal,146,N,0.1,Up,0
62,M,NAP,129,1,1,ST,121,Y,0.9,Flat,1
43,M,NAP,111,211,0,Normal,157,Y,2.4,Flat,0
63,M,ASY,151,1,1,ST,66,N,1.5,Flat,1
60,M,ASY,141,11,1,ST,95,N,1.5,Flat,1
54,M,ASY,130,220,1,ST,105,N,0.2,Flat,1
50,F,ATA,155,313,0,Normal,121,N,0.0,Up,0
42,M,NAP,149,260,0,Normal,199,N,-0.1,Up,0
46,M,ASY,146,439,0,Normal,180,N,0.0,Up,0
50,M,TA,130,180,0,LVH,129,Y,1.4,Up,0
60,M,ASY,131,13,0,Normal,117,Y,0.5,Flat,1
42,M,ASY,113,5,0,Normal,158,Y,2.1,Flat,1
64,M,NAP,111,1,1,ST,147,N,3.0,Flat,0
40,M,ATA,118,302,0,Normal,180,N,0.1,Up,0
59,M,TA,135,199,0,Normal,141,N,2.6,Flat,1
54,M,ASY,132,29,1,Normal,137,Y,1.9,Flat,1
61,M,ASY,139,302,0,ST,116,Y,0.3,Up,0
56,M,ASY,119,238,0,Normal,151,Y,0.2,Up,1
39,M,ASY,105,268,0,Normal,146,N,0.5,Flat,1
62,F,ASY,173,291,0,Normal,162,Y,0.2,Up,0
53,F,NAP,135,302,0,LVH,140,N,1.4,Up,0
38,M,ASY,138,305,0,Normal,153,N,0.2,Up,0
52,F,NAP,142,193,0,Normal,155,Y,1.3,Up,0
37,M,ASY,114,16,1,Normal,135,Y,1.9,Flat,1
41,M,ATA,144,294,0,Normal,150,N,0.1,Up,0
59,M,TA,161,287,0,LVH,142,N,1.0,Flat,1
56,M,ATA,136,160,0,ST,162,N,-0.3,Up,0
54,F,ASY,137,312,0,LVH,161,N,-0.4,Up,0
51,M,ATA,139,100,0,Normal,143,Y,0.1,Up,0
63,F,NAP,109,156,1,Normal,93,N,0.1,Up,0
43,F,TA,90,210,0,Normal,142,N,0.1,Up,0
46,F,ASY,131,263,0,Normal,165,N,0.1,Up,0
60,M,ASY,144,192,0,LVH,136,Y,3.8,Up,1
68,M,ASY,93,248,0,LVH,152,N,0.1,Up,1
69,F,TA,137,243,0,Normal,160,N,1.9,Up,0
61,M,ASY,173,224,1,ST,96,Y,2.6,Flat,1
40,M,NAP,110,263,0,Normal,183,N,-0.5,Up,0
47,M,ASY,152,129,0,Normal,132,N,-0.1,Up,0
48,M,NAP,135,287,0,Normal,136,N,0.3,Up,0
41,M,NAP,151,139,0,Normal,162,N,0.7,Up,0
66,M,NAP,128,6,0,ST,103,Y,0.3,Flat,1
55,M,ASY,119,283,0,LVH,118,Y,2.2,Down,1
66,F,NAP,127,256,0,LVH,171,N,0.2,Up,0
64,M,ATA,128,164,0,ST,127,N,0.3,Up,0
45,M,ASY,162,227,0,Normal,171,N,2.4,Up,0
65,M,TA,102,242,0,LVH,145,Y,1.3,Flat,0
60,M,TA,179,265,0,LVH,161,N,0.1,Flat,1
55,F,NAP,107,223,0,Normal,157,N,1.5,Flat,0
68,M,ASY,144,184,1,Normal,135,N,3.7,Flat,1
53,M,ATA,134,262,0,Normal,176,N,0.3,Up,0
62,M,ASY,115,1,1,ST,105,N,2.3,Flat,1
51,M,ASY,145,325,0,Normal,118,Y,4.4,Flat,1
33,M,NAP,104,292,0,Normal,197,N,0.3,Up,0
50,F,ATA,114,184,0,Normal,159,N,0.3,Up,0
55,M,NAP,100,25,0,Normal,106,N,0.5,Flat,0
73,M,ASY,158,113,1,LVH,140,N,1.5,Flat,1
65,F,NAP,162,276,0,Normal,158,N,1.0,Up,0
53,M,ATA,125,257,0,Normal,175,N,-0.3,Down,0
44,M,ASY,140,421,0,Normal,170,N,-0.3,Up,0
59,M,ASY,111,216,0,Normal,139,Y,4.2,Flat,1
44,M,ASY,134,290,1,Normal,123,Y,-0.3,Up,0
61,M,ASY,121,280,0,ST,118,Y,4.2,Down,1
47,M,NAP,134,224,0,Normal,153,N,3.8,Flat,1
57,M,TA,120,191,0,LVH,164,N,2.3,Flat,0
55,F,ATA,122,189,0,Normal,145,N,0.4,Up,0
52,M,ASY,118,89,0,Normal,139,N,0.3,Up,0
73,M,NAP,108,86,0,LVH,125,N,3.5,Down,1
47,F,ASY,134,335,1,LVH,125,Y,2.8,Flat,1
49,F,ASY,126,308,0,Normal,133,Y,1.1,Flat,1
53,M,ATA,125,121,0,Normal,118,Y,0.4,Up,0
44,M,TA,111,248,0,Normal,131,N,1.5,Flat,1
56,M,ASY,120,252,0,ST,113,Y,2.0,Down,1
60,M,ASY,155,19,1,ST,138,N,0.6,Flat,1
50,M,ASY,144,225,0,Normal,143,Y,0.6,Flat,1
60,M,ASY,141,1,1,ST,127,Y,1.4,Down,1
36,M,NAP,118,211,0,LVH,154,N,0.6,Flat,0
38,M,ASY,156,228,0,Normal,201,N,-0.0,Up,1
49,F,NAP,118,260,0,Normal,139,N,1.1,Up,0
51,M,NAP,162,24,1,LVH,113,Y,0.2,Flat,1
47,M,ASY,100,1,1,ST,128,N,-2.3,Flat,1
55,M,ASY,160,197,0,Normal,139,Y,-0.4,Up,0
59,F,ASY,130,414,0,LVH,149,Y,1.5,Flat,1
61,M,ASY,138,267,0,ST,128,Y,1.8,Flat,1
52,M,ASY,178,223,0,Normal,125,Y,1.4,Flat,1
59,F,ASY,107,289,0,Normal,184,Y,2.2,Flat,1
60,M,ASY,91,2,1,Normal,106,N,-0.8,Flat,1
49,F,ATA,125,206,0,Normal,175,N,1.2,Up,0
64,F,TA,141,230,0,Normal,122,N,2.4,Down,0
50,M,ATA,129,190,0,Normal,160,N,0.1,Up,0
57,M,ASY,143,200,0,Normal,158,N,0.1,Flat,0
63,F,ASY,152,228,0,LVH,112,N,1.4,Flat,1
60,M,ASY,133,315,0,Normal,130,Y,1.2,Flat,1
59,M,NAP,129,330,0,Normal,100,Y,0.7,Flat,0
57,M,TA,176,266,0,LVH,143,N,4.1,Down,0
63,F,ASY,86,21,1,Normal,154,N,1.6,Down,1
35,M,NAP,147,188,0,Normal,157,N,0.5,Up,0
75,M,ASY,148,263,1,ST,129,Y,3.5,Down,1
54,M,ASY,205,192,0,Normal,156,Y,1.9,Flat,1
56,M,NAP,117,9,0,Normal,94,N,0.7,Flat,0
33,M,ATA,122,246,0,Normal,149,N,-0.0,Up,0
40,M,TA,136,232,0,Normal,174,Y,1.5,Up,0
62,M,NAP,118,40,1,ST,151,N,3.4,Flat,0
50,M,ASY,127,229,0,Normal,101,Y,-0.4,Flat,1
64,M,ASY,137,218,0,LVH,146,Y,3.7,Up,1
63,M,ASY,139,299,1,LVH,137,Y,1.7,Up,1
52,M,ASY,120,270,0,Normal,107,Y,1.5,Flat,1
59,M,ASY,129,1,1,ST,86,N,1.9,Flat,1
58,M,ASY,123,207,0,LVH,115,Y,2.7,Flat,1
64,M,ASY,170,206,1,Normal,115,Y,3.0,Down,1
64,M,TA,138,200,1,LVH,151,N,2.7,Down,0
47,F,ATA,109,227,0,Normal,163,N,-0.0,Up,0
64,M,ASY,144,43,0,Normal,83,Y,0.2,Flat,1
50,M,ASY,132,244,0,Normal,126,Y,1.5,Flat,1
39,M,ASY,124,22,1,Normal,164,N,0.6,Flat,1
37,M,ASY,109,5,1,Normal,122,Y,1.2,Flat,1
49,M,ASY,167,274,0,ST,161,Y,2.9,Flat,1
40,M,ASY,100,168,0,LVH,105,Y,2.5,Flat,1
60,M,ATA,127,303,0,Normal,137,N,0.8,Up,1
60,M,ASY,131,199,0,LVH,134,Y,2.2,Flat,1
61,M,ASY,103,239,0,Normal,123,N,0.6,Flat,1
67,F,ASY,182,250,1,Normal,165,Y,1.5,Flat,1
46,M,ASY,173,303,0,ST,123,N,-0.5,Up,0
46,M,NAP,102,1,1,Normal,116,Y,-0.6,Flat,1
68,M,TA,151,1,0,LVH,132,N,-0.1,Flat,1
71,M,ASY,115,167,0,Normal,138,N,0.4,Up,0
54,M,ASY,93,1,1,Normal,154,N,-0.3,Flat,1
46,M,ASY,115,260,0,ST,143,Y,1.1,Flat,0
54,M,ASY,127,188,1,ST,128,Y,1.2,Flat,1
58,M,ASY,144,22,0,ST,122,Y,0.8,Flat,1
73,M,ASY,156,176,0,Normal,128,Y,3.3,Down,1
60,M,ASY,134,47,1,ST,90,N,1.7,Flat,1
67,M,NAP,158,201,1,Normal,129,N,0.4,Flat,1
50,M,NAP,131,195,1,LVH,143,N,0.7,Down,0
48,M,ASY,158,275,0,Normal,139,N,-0.5,Flat,1
57,F,NAP,112,171,1,Normal,83,N,0.2,Up,0
75,M,NAP,138,1,0,Normal,130,N,0.8,Up,0
69,F,ASY,129,192,0,Normal,118,Y,-0.4,Flat,1
55,M,ASY,148,225,0,ST,134,Y,1.6,Flat,1
68,M,ASY,139,189,0,ST,108,Y,-0.4,Flat,1
57,M,ATA,117,255,1,Normal,146,N,-0.3,Up,0
49,M,ASY,162,223,0,Normal,132,N,0.1,Flat,1
58,M,ATA,157,189,0,Normal,148,N,-0.2,Up,0
70,F,ATA,162,307,0,Normal,174,N,-0.1,Up,0
63,M,NAP,144,337,0,Normal,164,N,-0.5,Up,1
64,M,ASY,153,298,1,ST,112,Y,1.1,Flat,1
60,M,NAP,151,209,1,ST,76,N,0.2,Flat,1
46,M,ASY,124,294,0,Normal,115,N,0.2,Flat,1
58,F,ASY,140,338,1,ST,141,Y,1.7,Flat,1
58,M,ASY,118,1,0,Normal,121,N,0.7,Up,1
50,M,NAP,153,157,1,ST,159,N,0.7,Up,0
54,F,ASY,130,269,0,LVH,145,N,0.6,Flat,0
42,M,ASY,161,285,0,ST,110,N,0.0,Up,0
57,M,ATA,128,227,0,Normal,153,N,-0.1,Up,0
37,M,ATA,104,305,0,Normal,137,N,-0.2,Flat,1
65,M,ASY,148,241,1,ST,118,Y,1.6,Flat,1
53,M,ASY,138,219,0,Normal,115,Y,2.6,Flat,1
35,M,ASY,125,1,1,Normal,117,Y,1.6,Flat,1
51,M,ASY,133,187,0,Normal,167,N,-0.1,Flat,1
54,M,ASY,118,312,0,Normal,115,Y,1.2,Flat,1
56,M,ASY,140,190,1,ST,129,Y,0.7,Flat,1
50,F,ASY,113,152,0,Normal,175,N,2.3,Up,0
58,M,ATA,136,155,0,ST,147,N,-0.3,Up,0
54,F,ASY,197,307,0,ST,115,Y,3.6,Flat,1
64,M,ASY,132,334,0,Normal,110,Y,2.9,Flat,1
66,M,TA,135,273,1,LVH,170,N,1.2,Flat,1
63,M,ATA,114,271,0,LVH,101,Y,1.0,Flat,1
41,M,ASY,111,284,0,Normal,152,N,0.2,Flat,1
62,M,TA,170,258,0,LVH,151,N,0.3,Flat,0
57,M,TA,168,303,0,LVH,147,N,-0.1,Flat,1
78,M,ASY,133,314,0,LVH,171,Y,0.8,Up,1
39,M,ATA,181,279,0,Normal,100,N,0.2,Up,0
44,F,ASY,100,161,0,Normal,176,N,1.8,Up,0
61,M,NAP,172,1,0,ST,159,Y,1.4,Flat,0
63,M,ASY,157,384,1,ST,136,Y,0.2,Flat,1
60,F,ASY,130,425,0,LVH,170,N,1.2,Flat,0
51,M,ASY,160,329,0,Normal,88,Y,1.6,Flat,1
39,M,ATA,119,295,0,LVH,189,N,0.6,Up,0
46,M,ASY,154,280,0,Normal,103,Y,0.6,Flat,1
53,F,ATA,167,296,0,Normal,133,N,0.2,Up,0
60,M,ASY,140,304,0,LVH,186,N,1.2,Flat,1
63,M,ASY,173,184,1,LVH,88,N,0.8,Flat,1
60,M,ASY,188,283,1,LVH,150,Y,2.4,Down,1
61,M,ASY,158,221,1,Normal,105,Y,2.5,Down,1
42,M,NAP,155,117,1,Normal,167,N,-0.8,Up,0
40,F,ATA,110,253,0,ST,138,N,0.1,Up,0
63,M,ASY,126,211,0,ST,94,N,-0.0,Up,0
54,M,NAP,147,225,0,Normal,161,N,1.1,Up,0
53,M,NAP,124,198,0,Normal,144,N,-0.6,Up,0
55,M,ASY,163,1,1,ST,100,Y,0.7,Flat,1
62,F,ASY,136,275,0,Normal,128,N,2.2,Flat,0
37,M,NAP,118,187,0,ST,153,N,-0.1,Up,0
57,M,ASY,117,194,0,Normal,122,Y,2.3,Flat,0
51,M,ASY,95,1,1,Normal,79,Y,1.2,Flat,1
53,M,TA,132,178,0,Normal,130,N,2.6,Up,0
50,M,ASY,135,213,0,LVH,133,Y,0.5,Flat,1
55,M,ASY,188,211,0,Normal,134,Y,1.6,Flat,1
62,M,ASY,95,248,0,Normal,123,N,1.2,Flat,1
54,M,ASY,129,277,0,Normal,157,Y,2.1,Flat,0
57,M,NAP,169,218,0,Normal,113,N,0.4,Up,0
61,M,ASY,146,299,0,ST,115,Y,1.1,Flat,1
49,M,ASY,128,220,0,Normal,94,Y,0.2,Flat,1
46,M,ASY,136,246,0,Normal,146,N,0.3,Up,0
64,F,ASY,105,270,0,Normal,152,Y,2.1,Flat,1
36,M,NAP,125,178,0,Normal,140,N,-0.1,Up,0
39,M,ASY,138,1,1,Normal,162,N,0.2,Flat,1
55,M,ASY,134,283,0,Normal,122,Y,1.2,Flat,1
50,M,ASY,113,238,0,LVH,153,N,0.4,Flat,1
42,F,NAP,156,218,0,Normal,182,N,-0.4,Up,0
65,M,ASY,168,281,1,Normal,114,Y,1.7,Flat,1
43,M,ASY,131,333,0,Normal,182,N,1.1,Flat,0
53,F,ATA,106,177,0,Normal,139,N,-0.2,Up,0
73,M,NAP,147,239,1,Normal,95,N,-0.3,Flat,1
67,F,NAP,164,261,0,Normal,152,N,0.3,Up,0
76,M,NAP,134,1,0,Normal,114,N,0.9,Up,0
57,M,ASY,159,295,1,LVH,128,N,0.8,Flat,1
63,M,ASY,156,197,0,Normal,109,N,0.1,Flat,1
59,M,ASY,125,1,0,Normal,134,Y,1.4,Up,0
49,M,ASY,129,123,0,Normal,144,N,0.5,Up,0
51,M,ASY,131,182,0,Normal,140,N,0.1,Up,0
74,M,ATA,125,1,1,ST,134,N,1.1,Up,1
37,M,ASY,145,223,0,Normal,132,Y,1.3,Flat,1
43,M,ASY,118,217,0,Normal,140,N,0.3,Up,0
60,F,ASY,139,260,0,LVH,156,N,2.6,Down,1
67,F,NAP,121,258,0,LVH,158,N,-0.3,Up,0
43,M,ASY,101,208,0,Normal,150,N,-0.0,Up,0
51,F,ATA,136,233,0,Normal,141,Y,2.0,Flat,0
43,M,TA,135,180,0,Normal,177,Y,2.3,Up,0
69,M,TA,140,153,1,ST,146,N,0.1,Up,0
46,M,NAP,135,230,0,Normal,155,N,0.4,Up,0
66,M,ASY,168,1,0,Normal,103,Y,2.6,Flat,1
55,M,NAP,130,231,1,LVH,149,Y,0.8,Flat,1
49,F,ATA,119,180,0,Normal,156,N,-0.2,Up,0
59,M,ASY,151,174,0,ST,143,Y,-0.4,Flat,1
59,M,ATA,127,272,0,Normal,156,N,0.3,Up,0
49,M,ATA,137,209,0,Normal,128,N,0.6,Up,0
46,F,NAP,102,230,0,ST,133,N,0.2,Up,0
40,M,ASY,152,210,0,Normal,189,N,0.4,Up,1
55,M,NAP,135,339,1,ST,107,Y,2.6,Flat,1
57,M,ASY,134,277,0,LVH,122,Y,0.9,Flat,1
69,M,TA,124,217,0,LVH,144,Y,1.4,Flat,0
35,M,NAP,116,294,0,Normal,185,N,0.0,Up,0
52,M,ATA,119,129,0,ST,125,N,0.6,Up,0
75,F,ATA,127,246,0,LVH,118,Y,0.1,Up,0
55,M,NAP,114,1,0,Normal,108,N,0.5,Flat,0
29,M,ATA,134,261,0,Normal,152,N,-0.0,Up,0
49,F,ATA,114,208,0,Normal,168,N,1.2,Up,0
52,M,ASY,156,330,0,Normal,94,Y,2.4,Flat,1
50,M,TA,123,149,0,Normal,146,N,2.1,Up,0
52,F,ATA,125,235,1,Normal,142,N,0.1,Up,0
56,M,ATA,126,240,0,Normal,162,N,-0.6,Down,0
40,M,ASY,109,187,0,LVH,158,N,-0.2,Up,1
63,M,ATA,144,292,0,Normal,165,N,0.6,Up,0
52,M,ASY,136,251,0,Normal,95,Y,0.9,Flat,1
44,M,ASY,112,228,0,Normal,160,N,-0.3,Up,0
55,M,ATA,139,253,1,Normal,158,N,0.4,Up,0
49,M,ASY,168,336,0,ST,129,N,0.4,Up,0
57,M,ASY,157,1,0,ST,125,Y,0.2,Up,0
49,F,NAP,140,297,0,LVH,145,N,1.1,Up,0
59,M,ASY,143,236,0,Normal,111,N,2.0,Flat,1
45,M,NAP,140,195,0,Normal,156,N,-0.5,Up,0
45,M,NAP,109,236,0,Normal,152,N,-0.1,Up,0
72,F,ASY,125,163,0,Normal,128,N,1.8,Flat,0
44,M,ASY,130,248,0,Normal,99,Y,2.3,Flat,1
54,M,ATA,133,216,0,Normal,96,N,0.2,Up,0
55,M,ASY,117,81,0,Normal,138,N,0.4,Up,0
48,M,ATA,157,234,0,ST,104,N,0.1,Up,0
52,M,ASY,139,176,0,Normal,97,Y,5.5,Down,1
36,F,ASY,141,188,0,Normal,192,N,1.7,Up,0
54,F,ATA,145,283,0,LVH,157,N,1.6,Flat,0
60,M,TA,158,284,0,LVH,106,N,-0.2,Up,1
47,F,ASY,142,6,1,Normal,105,N,0.1,Flat,1
70,M,ASY,110,223,1,LVH,91,Y,-0.1,Flat,1
50,M,ASY,126,1,1,Normal,90,N,-0.7,Flat,1
62,M,ASY,131,273,0,Normal,164,Y,2.2,Flat,0
46,M,NAP,141,232,0,Normal,152,N,-0.4,Up,0
37,M,ASY,113,208,0,Normal,119,Y,1.7,Flat,1
48,M,ATA,119,188,0,Normal,159,N,-0.5,Up,0
64,M,TA,115,214,0,LVH,140,Y,1.5,Flat,0
50,F,ASY,123,154,0,Normal,129,Y,1.3,Flat,0
54,F,ASY,193,329,0,ST,105,Y,3.8,Flat,1
56,M,ASY,111,253,0,Normal,120,Y,1.3,Flat,0
62,M,NAP,134,33,0,ST,106,Y,-0.4,Flat,1
65,M,ASY,158,325,1,ST,132,Y,0.1,Flat,1
60,M,ASY,165,268,1,ST,96,Y,1.9,Flat,1
30,M,ATA,123,276,0,Normal,144,N,0.3,Flat,1
54,M,NAP,169,1,0,LVH,129,Y,2.1,Flat,1
52,M,ASY,144,1,1,Normal,168,N,-0.6,Up,1
71,M,TA,140,211,1,Normal,121,Y,2.7,Flat,1
59,M,ATA,134,219,1,LVH,139,N,-0.1,Up,0
46,F,NAP,119,188,0,ST,133,N,0.1,Up,0
69,M,ASY,106,24,0,ST,107,Y,-0.6,Flat,1
58,M,ASY,130,1,1,ST,129,Y,0.7,Flat,1
51,M,ASY,145,1,1,Normal,124,Y,0.9,Flat,1
38,F,ASY,123,195,0,ST,187,N,-0.1,Up,0
40,M,ASY,123,144,0,Normal,118,Y,1.2,Flat,1
55,M,ATA,121,245,1,Normal,126,N,0.1,Up,0
59,F,TA,159,182,0,Normal,108,N,-0.5,Up,0
47,M,NAP,159,190,0,Normal,139,N,0.4,Up,0
45,M,ASY,131,258,0,ST,146,N,-0.2,Up,0
62,M,ASY,131,230,0,Normal,112,Y,3.7,Down,1
53,F,ASY,129,193,0,ST,143,Y,2.1,Flat,1
38,M,ASY,125,181,0,ST,117,N,2.5,Flat,1
70,F,NAP,173,293,0,Normal,161,N,-0.4,Up,0
57,M,NAP,127,269,0,Normal,158,N,0.1,Up,0
38,M,ATA,185,269,0,Normal,116,N,0.1,Up,0
56,M,ASY,134,275,0,LVH,185,N,0.2,Up,0
56,M,ASY,146,1,1,ST,131,Y,1.5,Down,1
45,M,TA,99,296,0,Normal,134,N,1.1,Flat,1
57,M,ASY,103,206,0,ST,110,N,0.4,Up,0
54,M,NAP,138,215,0,ST,115,Y,2.1,Flat,1
69,F,TA,143,231,0,Normal,155,N,2.4,Up,0
69,M,NAP,160,170,1,Normal,131,N,0.2,Flat,1
47,F,ASY,140,229,0,Normal,80,N,0.1,Up,0
53,F,NAP,156,196,0,Normal,168,N,-0.2,Up,0
59,M,ASY,132,15,1,Normal,74,N,2.0,Flat,1
70,M,ASY,125,200,0,ST,142,Y,1.9,Flat,1
45,M,ASY,141,199,0,Normal,143,N,0.0,Up,0
61,F,ASY,124,306,1,ST,137,Y,1.5,Flat,1
49,M,NAP,137,261,0,LVH,158,N,0.2,Up,0
45,F,ASY,125,215,0,Normal,101,Y,1.0,Flat,1
50,M,ASY,157,1,1,ST,143,Y,1.4,Flat,1
61,M,ASY,86,1,1,Normal,112,N,-0.2,Flat,1
39,M,ASY,126,8,1,Normal,180,N,1.9,Up,1
54,M,ASY,120,326,0,Normal,118,Y,1.2,Flat,1
46,M,ASY,135,293,0,LVH,142,Y,0.1,Flat,1
41,M,ASY,119,275,0,Normal,137,N,-0.1,Up,0
56,M,TA,145,314,0,Normal,122,N,-0.6,Flat,1
43,M,ASY,119,195,0,Normal,160,N,0.2,Up,0
71,M,TA,172,234,1,LVH,129,N,-0.8,Flat,0
63,F,ASY,114,1,1,ST,135,Y,1.6,Down,1
63,M,TA,157,207,1,LVH,149,N,2.3,Down,0
51,F,NAP,118,278,0,Normal,144,N,0.0,Up,0
71,F,ASY,118,150,0,Normal,111,N,2.4,Flat,0
53,M,ASY,106,217,0,LVH,105,Y,0.6,Flat,1
56,F,ASY,123,173,0,Normal,124,N,1.0,Flat,0
68,M,ASY,165,286,0,LVH,128,Y,1.2,Flat,1
63,F,ATA,148,326,1,Normal,115,Y,0.7,Up,0
49,M,ASY,137,248,0,Normal,171,N,0.2,Flat,1
38,F,TA,122,186,0,ST,186,N,-0.3,Up,0
56,M,ASY,136,1,0,Normal,50,Y,0.5,Up,1
61,M,ASY,145,301,0,ST,111,Y,2.0,Flat,1
44,M,NAP,122,216,0,Normal,172,N,-0.2,Up,0
68,F,TA,144,245,0,Normal,152,N,1.8,Up,0
44,F,NAP,112,167,0,ST,162,N,0.1,Up,0
54,M,ATA,115,275,0,Normal,151,N,-0.4,Up,0
58,M,ATA,127,214,0,Normal,172,Y,-0.1,Up,0
58,M,ASY,127,230,0,LVH,136,Y,1.8,Flat,1
42,M,ASY,123,316,0,Normal,136,N,0.3,Flat,1
56,M,ASY,112,206,0,Normal,102,N,-0.3,Flat,1
52,M,ASY,157,353,0,LVH,130,Y,1.1,Up,1
42,F,ASY,128,349,1,LVH,136,Y,2.5,Flat,1
58,M,ASY,131,11,1,ST,143,Y,0.7,Down,1
54,M,ASY,146,293,0,Normal,122,Y,3.8,Flat,1
48,M,ASY,125,311,0,LVH,131,Y,-0.1,Flat,1
43,M,NAP,126,215,0,Normal,157,N,0.1,Up,0
35,M,ATA,123,270,0,Normal,156,N,3.1,Flat,1
61,M,ASY,97,261,0,Normal,137,Y,3.0,Flat,1
30,M,ATA,102,227,0,Normal,172,N,-0.1,Up,0
54,F,ASY,143,405,0,LVH,163,Y,1.6,Flat,1
60,M,NAP,138,222,0,Normal,142,N,2.0,Flat,0
41,M,NAP,123,232,0,Normal,165,Y,1.4,Flat,0
35,M,ASY,127,213,0,Normal,165,N,-0.0,Up,0
50,M,ASY,156,1,1,ST,133,Y,1.2,Flat,1
51,M,ATA,134,208,0,Normal,161,N,0.6,Up,0
56,M,ATA,127,186,0,Normal,99,N,-0.4,Up,0
50,F,ATA,141,269,0,Normal,134,N,0.9,Up,0
59,M,ASY,131,191,0,Normal,116,N,0.3,Up,0
41,M,NAP,140,175,0,Normal,134,N,-0.1,Up,0
55,F,ATA,162,242,0,Normal,133,N,-0.3,Up,0
49,M,ASY,144,220,0,Normal,118,Y,0.5,Flat,1
54,M,ASY,122,1,1,Normal,116,N,1.3,Up,1
60,M,ASY,127,237,0,Normal,97,N,-0.3,Up,0
41,F,ASY,160,364,0,Normal,131,N,2.6,Flat,1
38,F,NAP,98,220,0,Normal,191,N,0.8,Up,0
36,F,ASY,133,172,0,ST,182,N,-0.0,Up,0
38,F,ATA,100,153,0,Normal,162,N,-0.5,Up,0
46,F,ASY,141,218,0,Normal,130,Y,1.8,Flat,1
47,M,ASY,113,214,0,LVH,183,N,-0.3,Up,0
62,M,TA,175,216,0,LVH,153,N,0.4,Flat,0
53,M,ASY,181,208,0,Normal,123,Y,1.3,Flat,1
39,M,NAP,143,191,0,Normal,148,N,-0.2,Up,0
60,M,ASY,166,244,1,ST,109,Y,2.9,Flat,1
64,M,ASY,119,271,0,Normal,145,Y,1.5,Flat,1
49,M,ASY,142,324,0,Normal,176,Y,1.4,Up,1
47,F,ASY,137,249,0,ST,119,N,0.4,Up,0
34,M,NAP,116,146,0,ST,161,N,-0.1,Up,0
41,M,NAP,130,258,0,Normal,169,N,0.0,Up,0
40,F,ATA,121,265,0,ST,145,N,-0.8,Up,0
66,M,ASY,148,280,1,ST,124,Y,2.1,Flat,1
73,F,NAP,180,3,0,ST,112,N,-0.2,Up,1
61,M,NAP,127,1,1,ST,139,Y,1.6,Flat,1
38,M,ATA,112,284,0,Normal,166,N,0.1,Up,0
46,M,NAP,140,214,0,Normal,141,N,-0.1,Up,0
43,M,ASY,102,238,0,Normal,132,N,-0.6,Up,0
52,M,ASY,138,299,0,Normal,164,Y,2.4,Up,1
63,M,ASY,134,239,0,Normal,169,N,0.8,Flat,0
58,F,ATA,118,328,0,ST,178,N,0.3,Up,0
58,M,ASY,140,1,0,Normal,110,Y,1.6,Flat,1
61,F,ASY,154,262,0,Normal,157,Y,1.5,Flat,1
72,F,ATA,157,269,0,Normal,164,N,0.9,Up,0
39,M,NAP,122,250,0,Normal,187,N,-0.2,Up,0
59,M,ASY,182,236,0,Normal,110,Y,3.3,Flat,1
36,M,ATA,116,236,0,Normal,152,N,-0.2,Flat,1
38,M,ASY,121,228,0,Normal,166,N,-0.2,Up,0
45,M,ATA,140,277,0,Normal,154,Y,3.0,Flat,1
66,M,ASY,145,1,0,Normal,91,Y,1.6,Flat,1
61,M,ASY,103,26,1,Normal,110,Y,1.6,Up,1
62,M,NAP,134,222,0,ST,113,Y,1.1,Flat,1
48,F,ASY,132,258,0,Normal,138,N,-0.7,Up,0
60,M,ASY,142,187,0,LVH,140,Y,2.0,Flat,1
42,F,ATA,130,278,0,Normal,128,N,-0.1,Up,0
41,F,NAP,111,262,0,LVH,170,Y,0.3,Up,0
59,M,NAP,116,248,1,Normal,136,N,2.3,Flat,1
67,F,ASY,166,12,1,Normal,100,N,0.5,Flat,1
47,M,ASY,133,224,0,Normal,114,Y,1.3,Flat,1
32,M,ATA,106,288,0,LVH,176,N,-0.2,Up,0
58,F,ASY,164,315,0,LVH,177,N,-0.0,Up,1
53,M,ASY,166,191,0,Normal,112,Y,2.4,Flat,1
71,M,ASY,124,237,0,Normal,100,Y,1.6,Flat,1
42,M,ASY,105,258,0,Normal,143,N,0.0,Up,0
59,M,ASY,123,144,0,Normal,125,Y,0.8,Flat,1
59,M,ASY,170,192,1,LVH,70,N,1.0,Flat,1
44,M,ASY,130,355,0,Normal,127,N,0.2,Flat,1
52,F,ATA,106,464,0,Normal,124,N,-0.4,Up,0
49,F,ASY,156,238,0,Normal,117,Y,1.1,Flat,0
60,M,ASY,136,265,0,Normal,155,Y,1.4,Flat,0
66,M,ASY,124,231,0,LVH,128,Y,3.0,Flat,1
43,M,ASY,141,217,0,Normal,130,Y,2.2,Flat,1
60,M,ASY,109,1,0,ST,97,Y,-0.4,Down,1
54,M,ASY,186,1,1,Normal,142,N,1.1,Flat,1
61,M,ASY,152,36,1,ST,66,N,2.4,Flat,1
43,F,ASY,139,305,1,LVH,130,Y,3.3,Flat,1
59,M,NAP,122,212,1,Normal,141,N,2.1,Flat,1
45,F,ATA,174,321,0,Normal,182,N,-0.1,Up,0
63,F,ATA,143,1,0,Normal,129,N,-0.3,Up,0
55,M,NAP,128,208,1,LVH,157,N,-0.5,Up,0
57,M,ASY,150,152,0,Normal,137,N,-0.3,Up,0
41,F,ATA,136,165,0,Normal,186,N,-0.4,Up,0
65,F,NAP,147,380,1,LVH,161,N,1.4,Up,0
53,M,ATA,114,233,0,Normal,106,N,-0.5,Up,0
74,M,ASY,143,238,1,ST,109,Y,4.1,Down,1
60,M,ASY,150,2,0,ST,113,Y,0.2,Up,0
63,M,ASY,110,244,0,Normal,136,Y,3.7,Flat,1
61,M,ASY,117,282,0,ST,108,Y,0.2,Up,0
62,F,ATA,145,289,1,Normal,117,Y,0.3,Up,0
50,M,ASY,145,260,0,LVH,193,Y,-0.2,Up,0
68,M,NAP,144,201,0,LVH,150,N,0.8,Flat,1
54,M,NAP,165,1,1,LVH,130,Y,-0.1,Flat,1
59,F,ATA,134,238,0,LVH,162,N,0.5,Flat,1
58,M,NAP,162,147,1,Normal,171,N,0.9,Up,0
62,M,ASY,155,3,0,Normal,89,Y,-0.4,Flat,1
61,M,ASY,118,1,1,Normal,105,Y,1.3,Down,1
42,M,ATA,154,266,0,Normal,128,N,0.2,Up,0
62,M,ASY,138,212,0,Normal,154,Y,1.8,Up,1
55,M,NAP,160,1,0,LVH,126,Y,3.2,Flat,1
43,M,ASY,129,282,0,Normal,108,Y,2.3,Flat,1
65,M,ASY,120,158,0,Normal,137,N,0.9,Up,0
42,F,NAP,110,253,0,LVH,164,Y,0.6,Up,0
41,F,ASY,136,333,1,LVH,128,Y,3.5,Flat,1
58,M,NAP,142,252,0,ST,126,Y,1.7,Flat,1
41,M,ASY,113,194,0,LVH,172,N,-0.4,Up,1
43,M,NAP,129,234,0,Normal,182,N,-0.0,Up,0
39,M,NAP,114,329,0,Normal,167,N,0.1,Up,0
57,M,ATA,149,255,0,ST,143,Y,1.0,Flat,1
53,M,ATA,123,197,0,Normal,132,N,-0.0,Up,0
59,M,ASY,122,286,1,LVH,119,Y,2.1,Down,1
43,F,ATA,178,297,0,Normal,190,N,-0.3,Up,0
58,M,ASY,116,264,0,Normal,146,Y,1.7,Up,1
41,M,ATA,140,263,0,Normal,166,Y,0.1,Up,0
46,M,NAP,108,27,1,Normal,122,Y,-0.3,Flat,1
54,M,NAP,128,185,0,ST,140,N,-0.2,Up,0
57,M,ASY,138,283,0,LVH,168,N,-0.6,Up,1
57,M,NAP,111,215,0,LVH,127,N,0.2,Up,0
45,F,ATA,126,240,0,ST,183,N,-0.0,Up,0
